[2026-05-29T12:19:44.272+0000] {processor.py:161} INFO - Started process (PID=1282) to work on /opt/airflow/dags/train_model_dag.py
[2026-05-29T12:19:44.274+0000] {processor.py:830} INFO - Processing file /opt/airflow/dags/train_model_dag.py for tasks to queue
[2026-05-29T12:19:44.277+0000] {logging_mixin.py:188} INFO - [2026-05-29T12:19:44.276+0000] {dagbag.py:540} INFO - Filling up the DagBag from /opt/airflow/dags/train_model_dag.py
[2026-05-29T12:19:44.318+0000] {processor.py:840} INFO - DAG(s) 'train_flight_delay_model' retrieved from /opt/airflow/dags/train_model_dag.py
[2026-05-29T12:19:44.809+0000] {logging_mixin.py:188} INFO - [2026-05-29T12:19:44.808+0000] {dag.py:3096} INFO - Sync 1 DAGs
[2026-05-29T12:19:44.832+0000] {logging_mixin.py:188} INFO - [2026-05-29T12:19:44.832+0000] {dag.py:3954} INFO - Setting next_dagrun for train_flight_delay_model to None, run_after=None
[2026-05-29T12:19:44.892+0000] {processor.py:183} INFO - Processing /opt/airflow/dags/train_model_dag.py took 0.630 seconds
[2026-05-29T12:20:15.571+0000] {processor.py:161} INFO - Started process (PID=1283) to work on /opt/airflow/dags/train_model_dag.py
[2026-05-29T12:20:15.601+0000] {processor.py:830} INFO - Processing file /opt/airflow/dags/train_model_dag.py for tasks to queue
[2026-05-29T12:20:15.612+0000] {logging_mixin.py:188} INFO - [2026-05-29T12:20:15.611+0000] {dagbag.py:540} INFO - Filling up the DagBag from /opt/airflow/dags/train_model_dag.py
[2026-05-29T12:20:15.640+0000] {processor.py:840} INFO - DAG(s) 'train_flight_delay_model' retrieved from /opt/airflow/dags/train_model_dag.py
[2026-05-29T12:20:15.691+0000] {logging_mixin.py:188} INFO - [2026-05-29T12:20:15.691+0000] {dag.py:3096} INFO - Sync 1 DAGs
[2026-05-29T12:20:15.718+0000] {logging_mixin.py:188} INFO - [2026-05-29T12:20:15.718+0000] {dag.py:3954} INFO - Setting next_dagrun for train_flight_delay_model to None, run_after=None
[2026-05-29T12:20:15.803+0000] {processor.py:183} INFO - Processing /opt/airflow/dags/train_model_dag.py took 0.246 seconds
[2026-05-29T12:20:45.966+0000] {processor.py:161} INFO - Started process (PID=1284) to work on /opt/airflow/dags/train_model_dag.py
[2026-05-29T12:20:45.972+0000] {processor.py:830} INFO - Processing file /opt/airflow/dags/train_model_dag.py for tasks to queue
[2026-05-29T12:20:45.974+0000] {logging_mixin.py:188} INFO - [2026-05-29T12:20:45.974+0000] {dagbag.py:540} INFO - Filling up the DagBag from /opt/airflow/dags/train_model_dag.py
[2026-05-29T12:20:45.990+0000] {processor.py:840} INFO - DAG(s) 'train_flight_delay_model' retrieved from /opt/airflow/dags/train_model_dag.py
[2026-05-29T12:20:46.025+0000] {logging_mixin.py:188} INFO - [2026-05-29T12:20:46.024+0000] {dag.py:3096} INFO - Sync 1 DAGs
[2026-05-29T12:20:46.046+0000] {logging_mixin.py:188} INFO - [2026-05-29T12:20:46.045+0000] {dag.py:3954} INFO - Setting next_dagrun for train_flight_delay_model to None, run_after=None
[2026-05-29T12:20:46.079+0000] {processor.py:183} INFO - Processing /opt/airflow/dags/train_model_dag.py took 0.122 seconds
[2026-05-29T12:21:16.347+0000] {processor.py:161} INFO - Started process (PID=1285) to work on /opt/airflow/dags/train_model_dag.py
[2026-05-29T12:21:16.350+0000] {processor.py:830} INFO - Processing file /opt/airflow/dags/train_model_dag.py for tasks to queue
[2026-05-29T12:21:16.355+0000] {logging_mixin.py:188} INFO - [2026-05-29T12:21:16.354+0000] {dagbag.py:540} INFO - Filling up the DagBag from /opt/airflow/dags/train_model_dag.py
[2026-05-29T12:21:16.371+0000] {processor.py:840} INFO - DAG(s) 'train_flight_delay_model' retrieved from /opt/airflow/dags/train_model_dag.py
[2026-05-29T12:21:16.410+0000] {logging_mixin.py:188} INFO - [2026-05-29T12:21:16.409+0000] {dag.py:3096} INFO - Sync 1 DAGs
[2026-05-29T12:21:16.433+0000] {logging_mixin.py:188} INFO - [2026-05-29T12:21:16.432+0000] {dag.py:3954} INFO - Setting next_dagrun for train_flight_delay_model to None, run_after=None
[2026-05-29T12:21:16.465+0000] {processor.py:183} INFO - Processing /opt/airflow/dags/train_model_dag.py took 0.129 seconds
[2026-05-29T12:21:46.943+0000] {processor.py:161} INFO - Started process (PID=1286) to work on /opt/airflow/dags/train_model_dag.py
[2026-05-29T12:21:46.949+0000] {processor.py:830} INFO - Processing file /opt/airflow/dags/train_model_dag.py for tasks to queue
[2026-05-29T12:21:46.963+0000] {logging_mixin.py:188} INFO - [2026-05-29T12:21:46.961+0000] {dagbag.py:540} INFO - Filling up the DagBag from /opt/airflow/dags/train_model_dag.py
[2026-05-29T12:21:47.033+0000] {processor.py:840} INFO - DAG(s) 'train_flight_delay_model' retrieved from /opt/airflow/dags/train_model_dag.py
[2026-05-29T12:21:47.170+0000] {logging_mixin.py:188} INFO - [2026-05-29T12:21:47.170+0000] {dag.py:3096} INFO - Sync 1 DAGs
[2026-05-29T12:21:47.235+0000] {logging_mixin.py:188} INFO - [2026-05-29T12:21:47.235+0000] {dag.py:3954} INFO - Setting next_dagrun for train_flight_delay_model to None, run_after=None
[2026-05-29T12:21:47.356+0000] {processor.py:183} INFO - Processing /opt/airflow/dags/train_model_dag.py took 0.465 seconds
[2026-05-29T12:22:18.412+0000] {processor.py:161} INFO - Started process (PID=1287) to work on /opt/airflow/dags/train_model_dag.py
[2026-05-29T12:22:18.416+0000] {processor.py:830} INFO - Processing file /opt/airflow/dags/train_model_dag.py for tasks to queue
[2026-05-29T12:22:18.426+0000] {logging_mixin.py:188} INFO - [2026-05-29T12:22:18.424+0000] {dagbag.py:540} INFO - Filling up the DagBag from /opt/airflow/dags/train_model_dag.py
[2026-05-29T12:22:18.531+0000] {processor.py:840} INFO - DAG(s) 'train_flight_delay_model' retrieved from /opt/airflow/dags/train_model_dag.py
[2026-05-29T12:22:18.749+0000] {logging_mixin.py:188} INFO - [2026-05-29T12:22:18.748+0000] {dag.py:3096} INFO - Sync 1 DAGs
[2026-05-29T12:22:18.865+0000] {logging_mixin.py:188} INFO - [2026-05-29T12:22:18.863+0000] {dag.py:3954} INFO - Setting next_dagrun for train_flight_delay_model to None, run_after=None
[2026-05-29T12:22:18.948+0000] {processor.py:183} INFO - Processing /opt/airflow/dags/train_model_dag.py took 0.582 seconds
[2026-05-29T12:22:49.678+0000] {processor.py:161} INFO - Started process (PID=1288) to work on /opt/airflow/dags/train_model_dag.py
[2026-05-29T12:22:49.680+0000] {processor.py:830} INFO - Processing file /opt/airflow/dags/train_model_dag.py for tasks to queue
[2026-05-29T12:22:49.689+0000] {logging_mixin.py:188} INFO - [2026-05-29T12:22:49.688+0000] {dagbag.py:540} INFO - Filling up the DagBag from /opt/airflow/dags/train_model_dag.py
[2026-05-29T12:22:49.709+0000] {processor.py:840} INFO - DAG(s) 'train_flight_delay_model' retrieved from /opt/airflow/dags/train_model_dag.py
[2026-05-29T12:22:49.760+0000] {logging_mixin.py:188} INFO - [2026-05-29T12:22:49.759+0000] {dag.py:3096} INFO - Sync 1 DAGs
[2026-05-29T12:22:49.785+0000] {logging_mixin.py:188} INFO - [2026-05-29T12:22:49.785+0000] {dag.py:3954} INFO - Setting next_dagrun for train_flight_delay_model to None, run_after=None
[2026-05-29T12:22:49.832+0000] {processor.py:183} INFO - Processing /opt/airflow/dags/train_model_dag.py took 0.167 seconds
[2026-05-29T12:23:20.034+0000] {processor.py:161} INFO - Started process (PID=1289) to work on /opt/airflow/dags/train_model_dag.py
[2026-05-29T12:23:20.036+0000] {processor.py:830} INFO - Processing file /opt/airflow/dags/train_model_dag.py for tasks to queue
[2026-05-29T12:23:20.039+0000] {logging_mixin.py:188} INFO - [2026-05-29T12:23:20.039+0000] {dagbag.py:540} INFO - Filling up the DagBag from /opt/airflow/dags/train_model_dag.py
[2026-05-29T12:23:20.056+0000] {processor.py:840} INFO - DAG(s) 'train_flight_delay_model' retrieved from /opt/airflow/dags/train_model_dag.py
[2026-05-29T12:23:20.092+0000] {logging_mixin.py:188} INFO - [2026-05-29T12:23:20.092+0000] {dag.py:3096} INFO - Sync 1 DAGs
[2026-05-29T12:23:20.111+0000] {logging_mixin.py:188} INFO - [2026-05-29T12:23:20.111+0000] {dag.py:3954} INFO - Setting next_dagrun for train_flight_delay_model to None, run_after=None
[2026-05-29T12:23:20.143+0000] {processor.py:183} INFO - Processing /opt/airflow/dags/train_model_dag.py took 0.119 seconds
[2026-05-29T12:23:50.362+0000] {processor.py:161} INFO - Started process (PID=1290) to work on /opt/airflow/dags/train_model_dag.py
[2026-05-29T12:23:50.364+0000] {processor.py:830} INFO - Processing file /opt/airflow/dags/train_model_dag.py for tasks to queue
[2026-05-29T12:23:50.368+0000] {logging_mixin.py:188} INFO - [2026-05-29T12:23:50.367+0000] {dagbag.py:540} INFO - Filling up the DagBag from /opt/airflow/dags/train_model_dag.py
[2026-05-29T12:23:50.385+0000] {processor.py:840} INFO - DAG(s) 'train_flight_delay_model' retrieved from /opt/airflow/dags/train_model_dag.py
[2026-05-29T12:23:50.426+0000] {logging_mixin.py:188} INFO - [2026-05-29T12:23:50.425+0000] {dag.py:3096} INFO - Sync 1 DAGs
[2026-05-29T12:23:50.450+0000] {logging_mixin.py:188} INFO - [2026-05-29T12:23:50.450+0000] {dag.py:3954} INFO - Setting next_dagrun for train_flight_delay_model to None, run_after=None
[2026-05-29T12:23:50.490+0000] {processor.py:183} INFO - Processing /opt/airflow/dags/train_model_dag.py took 0.140 seconds
[2026-05-29T12:24:20.814+0000] {processor.py:161} INFO - Started process (PID=1291) to work on /opt/airflow/dags/train_model_dag.py
[2026-05-29T12:24:20.821+0000] {processor.py:830} INFO - Processing file /opt/airflow/dags/train_model_dag.py for tasks to queue
[2026-05-29T12:24:20.828+0000] {logging_mixin.py:188} INFO - [2026-05-29T12:24:20.827+0000] {dagbag.py:540} INFO - Filling up the DagBag from /opt/airflow/dags/train_model_dag.py
[2026-05-29T12:24:20.861+0000] {processor.py:840} INFO - DAG(s) 'train_flight_delay_model' retrieved from /opt/airflow/dags/train_model_dag.py
[2026-05-29T12:24:20.942+0000] {logging_mixin.py:188} INFO - [2026-05-29T12:24:20.941+0000] {dag.py:3096} INFO - Sync 1 DAGs
[2026-05-29T12:24:20.983+0000] {logging_mixin.py:188} INFO - [2026-05-29T12:24:20.983+0000] {dag.py:3954} INFO - Setting next_dagrun for train_flight_delay_model to None, run_after=None
[2026-05-29T12:24:21.051+0000] {processor.py:183} INFO - Processing /opt/airflow/dags/train_model_dag.py took 0.272 seconds
[2026-05-29T12:24:51.383+0000] {processor.py:161} INFO - Started process (PID=1292) to work on /opt/airflow/dags/train_model_dag.py
[2026-05-29T12:24:51.387+0000] {processor.py:830} INFO - Processing file /opt/airflow/dags/train_model_dag.py for tasks to queue
[2026-05-29T12:24:51.394+0000] {logging_mixin.py:188} INFO - [2026-05-29T12:24:51.393+0000] {dagbag.py:540} INFO - Filling up the DagBag from /opt/airflow/dags/train_model_dag.py
[2026-05-29T12:24:51.436+0000] {processor.py:840} INFO - DAG(s) 'train_flight_delay_model' retrieved from /opt/airflow/dags/train_model_dag.py
[2026-05-29T12:24:51.518+0000] {logging_mixin.py:188} INFO - [2026-05-29T12:24:51.515+0000] {dag.py:3096} INFO - Sync 1 DAGs
[2026-05-29T12:24:51.566+0000] {logging_mixin.py:188} INFO - [2026-05-29T12:24:51.566+0000] {dag.py:3954} INFO - Setting next_dagrun for train_flight_delay_model to None, run_after=None
[2026-05-29T12:24:51.644+0000] {processor.py:183} INFO - Processing /opt/airflow/dags/train_model_dag.py took 0.283 seconds
[2026-05-29T12:25:22.152+0000] {processor.py:161} INFO - Started process (PID=1293) to work on /opt/airflow/dags/train_model_dag.py
[2026-05-29T12:25:22.155+0000] {processor.py:830} INFO - Processing file /opt/airflow/dags/train_model_dag.py for tasks to queue
[2026-05-29T12:25:22.161+0000] {logging_mixin.py:188} INFO - [2026-05-29T12:25:22.160+0000] {dagbag.py:540} INFO - Filling up the DagBag from /opt/airflow/dags/train_model_dag.py
[2026-05-29T12:25:22.181+0000] {processor.py:840} INFO - DAG(s) 'train_flight_delay_model' retrieved from /opt/airflow/dags/train_model_dag.py
[2026-05-29T12:25:22.200+0000] {logging_mixin.py:188} INFO - [2026-05-29T12:25:22.199+0000] {dag.py:3096} INFO - Sync 1 DAGs
[2026-05-29T12:25:22.231+0000] {logging_mixin.py:188} INFO - [2026-05-29T12:25:22.230+0000] {dag.py:3954} INFO - Setting next_dagrun for train_flight_delay_model to None, run_after=None
[2026-05-29T12:25:22.280+0000] {processor.py:183} INFO - Processing /opt/airflow/dags/train_model_dag.py took 0.142 seconds
[2026-05-29T12:25:52.768+0000] {processor.py:161} INFO - Started process (PID=1294) to work on /opt/airflow/dags/train_model_dag.py
[2026-05-29T12:25:52.771+0000] {processor.py:830} INFO - Processing file /opt/airflow/dags/train_model_dag.py for tasks to queue
[2026-05-29T12:25:52.780+0000] {logging_mixin.py:188} INFO - [2026-05-29T12:25:52.779+0000] {dagbag.py:540} INFO - Filling up the DagBag from /opt/airflow/dags/train_model_dag.py
[2026-05-29T12:25:52.811+0000] {processor.py:840} INFO - DAG(s) 'train_flight_delay_model' retrieved from /opt/airflow/dags/train_model_dag.py
[2026-05-29T12:25:53.067+0000] {logging_mixin.py:188} INFO - [2026-05-29T12:25:53.066+0000] {dag.py:3096} INFO - Sync 1 DAGs
[2026-05-29T12:25:53.090+0000] {logging_mixin.py:188} INFO - [2026-05-29T12:25:53.089+0000] {dag.py:3954} INFO - Setting next_dagrun for train_flight_delay_model to None, run_after=None
[2026-05-29T12:25:53.146+0000] {processor.py:183} INFO - Processing /opt/airflow/dags/train_model_dag.py took 0.401 seconds
[2026-05-29T12:26:23.331+0000] {processor.py:161} INFO - Started process (PID=1295) to work on /opt/airflow/dags/train_model_dag.py
[2026-05-29T12:26:23.350+0000] {processor.py:830} INFO - Processing file /opt/airflow/dags/train_model_dag.py for tasks to queue
[2026-05-29T12:26:23.354+0000] {logging_mixin.py:188} INFO - [2026-05-29T12:26:23.353+0000] {dagbag.py:540} INFO - Filling up the DagBag from /opt/airflow/dags/train_model_dag.py
[2026-05-29T12:26:23.382+0000] {processor.py:840} INFO - DAG(s) 'train_flight_delay_model' retrieved from /opt/airflow/dags/train_model_dag.py
[2026-05-29T12:26:23.444+0000] {logging_mixin.py:188} INFO - [2026-05-29T12:26:23.443+0000] {dag.py:3096} INFO - Sync 1 DAGs
[2026-05-29T12:26:23.472+0000] {logging_mixin.py:188} INFO - [2026-05-29T12:26:23.471+0000] {dag.py:3954} INFO - Setting next_dagrun for train_flight_delay_model to None, run_after=None
[2026-05-29T12:26:23.526+0000] {processor.py:183} INFO - Processing /opt/airflow/dags/train_model_dag.py took 0.217 seconds
[2026-05-29T12:29:03.058+0000] {processor.py:161} INFO - Started process (PID=1282) to work on /opt/airflow/dags/train_model_dag.py
[2026-05-29T12:29:03.066+0000] {processor.py:830} INFO - Processing file /opt/airflow/dags/train_model_dag.py for tasks to queue
[2026-05-29T12:29:03.073+0000] {logging_mixin.py:188} INFO - [2026-05-29T12:29:03.071+0000] {dagbag.py:540} INFO - Filling up the DagBag from /opt/airflow/dags/train_model_dag.py
[2026-05-29T12:29:03.129+0000] {processor.py:840} INFO - DAG(s) 'train_flight_delay_model' retrieved from /opt/airflow/dags/train_model_dag.py
[2026-05-29T12:29:03.646+0000] {logging_mixin.py:188} INFO - [2026-05-29T12:29:03.646+0000] {dag.py:3096} INFO - Sync 1 DAGs
[2026-05-29T12:29:03.666+0000] {logging_mixin.py:188} INFO - [2026-05-29T12:29:03.665+0000] {dag.py:3954} INFO - Setting next_dagrun for train_flight_delay_model to None, run_after=None
[2026-05-29T12:29:03.717+0000] {processor.py:183} INFO - Processing /opt/airflow/dags/train_model_dag.py took 0.675 seconds
[2026-05-29T12:29:34.417+0000] {processor.py:161} INFO - Started process (PID=1283) to work on /opt/airflow/dags/train_model_dag.py
[2026-05-29T12:29:34.422+0000] {processor.py:830} INFO - Processing file /opt/airflow/dags/train_model_dag.py for tasks to queue
[2026-05-29T12:29:34.429+0000] {logging_mixin.py:188} INFO - [2026-05-29T12:29:34.428+0000] {dagbag.py:540} INFO - Filling up the DagBag from /opt/airflow/dags/train_model_dag.py
[2026-05-29T12:29:34.466+0000] {processor.py:840} INFO - DAG(s) 'train_flight_delay_model' retrieved from /opt/airflow/dags/train_model_dag.py
[2026-05-29T12:29:34.548+0000] {logging_mixin.py:188} INFO - [2026-05-29T12:29:34.548+0000] {dag.py:3096} INFO - Sync 1 DAGs
[2026-05-29T12:29:34.590+0000] {logging_mixin.py:188} INFO - [2026-05-29T12:29:34.589+0000] {dag.py:3954} INFO - Setting next_dagrun for train_flight_delay_model to None, run_after=None
[2026-05-29T12:29:34.647+0000] {processor.py:183} INFO - Processing /opt/airflow/dags/train_model_dag.py took 0.259 seconds
[2026-05-29T12:30:05.049+0000] {processor.py:161} INFO - Started process (PID=1284) to work on /opt/airflow/dags/train_model_dag.py
[2026-05-29T12:30:05.071+0000] {processor.py:830} INFO - Processing file /opt/airflow/dags/train_model_dag.py for tasks to queue
[2026-05-29T12:30:05.081+0000] {logging_mixin.py:188} INFO - [2026-05-29T12:30:05.078+0000] {dagbag.py:540} INFO - Filling up the DagBag from /opt/airflow/dags/train_model_dag.py
[2026-05-29T12:30:05.131+0000] {processor.py:840} INFO - DAG(s) 'train_flight_delay_model' retrieved from /opt/airflow/dags/train_model_dag.py
[2026-05-29T12:30:05.226+0000] {logging_mixin.py:188} INFO - [2026-05-29T12:30:05.225+0000] {dag.py:3096} INFO - Sync 1 DAGs
[2026-05-29T12:30:05.288+0000] {logging_mixin.py:188} INFO - [2026-05-29T12:30:05.287+0000] {dag.py:3954} INFO - Setting next_dagrun for train_flight_delay_model to None, run_after=None
[2026-05-29T12:30:05.367+0000] {processor.py:183} INFO - Processing /opt/airflow/dags/train_model_dag.py took 0.356 seconds
[2026-05-29T12:30:35.488+0000] {processor.py:161} INFO - Started process (PID=1285) to work on /opt/airflow/dags/train_model_dag.py
[2026-05-29T12:30:35.491+0000] {processor.py:830} INFO - Processing file /opt/airflow/dags/train_model_dag.py for tasks to queue
[2026-05-29T12:30:35.497+0000] {logging_mixin.py:188} INFO - [2026-05-29T12:30:35.496+0000] {dagbag.py:540} INFO - Filling up the DagBag from /opt/airflow/dags/train_model_dag.py
[2026-05-29T12:30:35.517+0000] {processor.py:840} INFO - DAG(s) 'train_flight_delay_model' retrieved from /opt/airflow/dags/train_model_dag.py
[2026-05-29T12:30:35.568+0000] {logging_mixin.py:188} INFO - [2026-05-29T12:30:35.568+0000] {dag.py:3096} INFO - Sync 1 DAGs
[2026-05-29T12:30:35.601+0000] {logging_mixin.py:188} INFO - [2026-05-29T12:30:35.600+0000] {dag.py:3954} INFO - Setting next_dagrun for train_flight_delay_model to None, run_after=None
[2026-05-29T12:30:35.655+0000] {processor.py:183} INFO - Processing /opt/airflow/dags/train_model_dag.py took 0.190 seconds
[2026-05-29T12:31:05.914+0000] {processor.py:161} INFO - Started process (PID=1286) to work on /opt/airflow/dags/train_model_dag.py
[2026-05-29T12:31:05.920+0000] {processor.py:830} INFO - Processing file /opt/airflow/dags/train_model_dag.py for tasks to queue
[2026-05-29T12:31:05.924+0000] {logging_mixin.py:188} INFO - [2026-05-29T12:31:05.923+0000] {dagbag.py:540} INFO - Filling up the DagBag from /opt/airflow/dags/train_model_dag.py
[2026-05-29T12:31:05.943+0000] {processor.py:840} INFO - DAG(s) 'train_flight_delay_model' retrieved from /opt/airflow/dags/train_model_dag.py
[2026-05-29T12:31:05.987+0000] {logging_mixin.py:188} INFO - [2026-05-29T12:31:05.987+0000] {dag.py:3096} INFO - Sync 1 DAGs
[2026-05-29T12:31:06.013+0000] {logging_mixin.py:188} INFO - [2026-05-29T12:31:06.012+0000] {dag.py:3954} INFO - Setting next_dagrun for train_flight_delay_model to None, run_after=None
[2026-05-29T12:31:06.053+0000] {processor.py:183} INFO - Processing /opt/airflow/dags/train_model_dag.py took 0.150 seconds
[2026-05-29T12:31:36.427+0000] {processor.py:161} INFO - Started process (PID=1287) to work on /opt/airflow/dags/train_model_dag.py
[2026-05-29T12:31:36.430+0000] {processor.py:830} INFO - Processing file /opt/airflow/dags/train_model_dag.py for tasks to queue
[2026-05-29T12:31:36.435+0000] {logging_mixin.py:188} INFO - [2026-05-29T12:31:36.434+0000] {dagbag.py:540} INFO - Filling up the DagBag from /opt/airflow/dags/train_model_dag.py
[2026-05-29T12:31:36.459+0000] {processor.py:840} INFO - DAG(s) 'train_flight_delay_model' retrieved from /opt/airflow/dags/train_model_dag.py
[2026-05-29T12:31:36.529+0000] {logging_mixin.py:188} INFO - [2026-05-29T12:31:36.529+0000] {dag.py:3096} INFO - Sync 1 DAGs
[2026-05-29T12:31:36.566+0000] {logging_mixin.py:188} INFO - [2026-05-29T12:31:36.565+0000] {dag.py:3954} INFO - Setting next_dagrun for train_flight_delay_model to None, run_after=None
[2026-05-29T12:31:36.631+0000] {processor.py:183} INFO - Processing /opt/airflow/dags/train_model_dag.py took 0.217 seconds
[2026-05-29T12:32:07.250+0000] {processor.py:161} INFO - Started process (PID=1288) to work on /opt/airflow/dags/train_model_dag.py
[2026-05-29T12:32:07.256+0000] {processor.py:830} INFO - Processing file /opt/airflow/dags/train_model_dag.py for tasks to queue
[2026-05-29T12:32:07.270+0000] {logging_mixin.py:188} INFO - [2026-05-29T12:32:07.268+0000] {dagbag.py:540} INFO - Filling up the DagBag from /opt/airflow/dags/train_model_dag.py
[2026-05-29T12:32:07.386+0000] {processor.py:840} INFO - DAG(s) 'train_flight_delay_model' retrieved from /opt/airflow/dags/train_model_dag.py
[2026-05-29T12:32:07.752+0000] {logging_mixin.py:188} INFO - [2026-05-29T12:32:07.747+0000] {dag.py:3096} INFO - Sync 1 DAGs
[2026-05-29T12:32:07.960+0000] {logging_mixin.py:188} INFO - [2026-05-29T12:32:07.957+0000] {dag.py:3954} INFO - Setting next_dagrun for train_flight_delay_model to None, run_after=None
[2026-05-29T12:32:08.190+0000] {processor.py:183} INFO - Processing /opt/airflow/dags/train_model_dag.py took 1.034 seconds
[2026-05-29T12:32:39.044+0000] {processor.py:161} INFO - Started process (PID=1289) to work on /opt/airflow/dags/train_model_dag.py
[2026-05-29T12:32:39.046+0000] {processor.py:830} INFO - Processing file /opt/airflow/dags/train_model_dag.py for tasks to queue
[2026-05-29T12:32:39.049+0000] {logging_mixin.py:188} INFO - [2026-05-29T12:32:39.049+0000] {dagbag.py:540} INFO - Filling up the DagBag from /opt/airflow/dags/train_model_dag.py
[2026-05-29T12:32:39.111+0000] {processor.py:840} INFO - DAG(s) 'train_flight_delay_model' retrieved from /opt/airflow/dags/train_model_dag.py
[2026-05-29T12:32:39.222+0000] {logging_mixin.py:188} INFO - [2026-05-29T12:32:39.222+0000] {dag.py:3096} INFO - Sync 1 DAGs
[2026-05-29T12:32:39.288+0000] {logging_mixin.py:188} INFO - [2026-05-29T12:32:39.288+0000] {dag.py:3954} INFO - Setting next_dagrun for train_flight_delay_model to None, run_after=None
[2026-05-29T12:32:39.360+0000] {processor.py:183} INFO - Processing /opt/airflow/dags/train_model_dag.py took 0.357 seconds
[2026-05-29T12:33:09.492+0000] {processor.py:161} INFO - Started process (PID=1290) to work on /opt/airflow/dags/train_model_dag.py
[2026-05-29T12:33:09.494+0000] {processor.py:830} INFO - Processing file /opt/airflow/dags/train_model_dag.py for tasks to queue
[2026-05-29T12:33:09.498+0000] {logging_mixin.py:188} INFO - [2026-05-29T12:33:09.497+0000] {dagbag.py:540} INFO - Filling up the DagBag from /opt/airflow/dags/train_model_dag.py
[2026-05-29T12:33:09.519+0000] {processor.py:840} INFO - DAG(s) 'train_flight_delay_model' retrieved from /opt/airflow/dags/train_model_dag.py
[2026-05-29T12:33:09.567+0000] {logging_mixin.py:188} INFO - [2026-05-29T12:33:09.567+0000] {dag.py:3096} INFO - Sync 1 DAGs
[2026-05-29T12:33:09.593+0000] {logging_mixin.py:188} INFO - [2026-05-29T12:33:09.592+0000] {dag.py:3954} INFO - Setting next_dagrun for train_flight_delay_model to None, run_after=None
[2026-05-29T12:33:09.677+0000] {processor.py:183} INFO - Processing /opt/airflow/dags/train_model_dag.py took 0.196 seconds
[2026-05-29T12:33:39.996+0000] {processor.py:161} INFO - Started process (PID=1291) to work on /opt/airflow/dags/train_model_dag.py
[2026-05-29T12:33:40.003+0000] {processor.py:830} INFO - Processing file /opt/airflow/dags/train_model_dag.py for tasks to queue
[2026-05-29T12:33:40.016+0000] {logging_mixin.py:188} INFO - [2026-05-29T12:33:40.014+0000] {dagbag.py:540} INFO - Filling up the DagBag from /opt/airflow/dags/train_model_dag.py
[2026-05-29T12:33:40.050+0000] {processor.py:840} INFO - DAG(s) 'train_flight_delay_model' retrieved from /opt/airflow/dags/train_model_dag.py
[2026-05-29T12:33:40.127+0000] {logging_mixin.py:188} INFO - [2026-05-29T12:33:40.126+0000] {dag.py:3096} INFO - Sync 1 DAGs
[2026-05-29T12:33:40.169+0000] {logging_mixin.py:188} INFO - [2026-05-29T12:33:40.168+0000] {dag.py:3954} INFO - Setting next_dagrun for train_flight_delay_model to None, run_after=None
[2026-05-29T12:33:40.232+0000] {processor.py:183} INFO - Processing /opt/airflow/dags/train_model_dag.py took 0.265 seconds
[2026-05-29T12:34:10.453+0000] {processor.py:161} INFO - Started process (PID=1292) to work on /opt/airflow/dags/train_model_dag.py
[2026-05-29T12:34:10.468+0000] {processor.py:830} INFO - Processing file /opt/airflow/dags/train_model_dag.py for tasks to queue
[2026-05-29T12:34:10.474+0000] {logging_mixin.py:188} INFO - [2026-05-29T12:34:10.472+0000] {dagbag.py:540} INFO - Filling up the DagBag from /opt/airflow/dags/train_model_dag.py
[2026-05-29T12:34:10.495+0000] {processor.py:840} INFO - DAG(s) 'train_flight_delay_model' retrieved from /opt/airflow/dags/train_model_dag.py
[2026-05-29T12:34:10.545+0000] {logging_mixin.py:188} INFO - [2026-05-29T12:34:10.545+0000] {dag.py:3096} INFO - Sync 1 DAGs
[2026-05-29T12:34:10.576+0000] {logging_mixin.py:188} INFO - [2026-05-29T12:34:10.576+0000] {dag.py:3954} INFO - Setting next_dagrun for train_flight_delay_model to None, run_after=None
[2026-05-29T12:34:10.630+0000] {processor.py:183} INFO - Processing /opt/airflow/dags/train_model_dag.py took 0.201 seconds
[2026-05-29T12:34:40.983+0000] {processor.py:161} INFO - Started process (PID=1293) to work on /opt/airflow/dags/train_model_dag.py
[2026-05-29T12:34:40.985+0000] {processor.py:830} INFO - Processing file /opt/airflow/dags/train_model_dag.py for tasks to queue
[2026-05-29T12:34:40.994+0000] {logging_mixin.py:188} INFO - [2026-05-29T12:34:40.993+0000] {dagbag.py:540} INFO - Filling up the DagBag from /opt/airflow/dags/train_model_dag.py
[2026-05-29T12:34:41.017+0000] {processor.py:840} INFO - DAG(s) 'train_flight_delay_model' retrieved from /opt/airflow/dags/train_model_dag.py
[2026-05-29T12:34:41.067+0000] {logging_mixin.py:188} INFO - [2026-05-29T12:34:41.067+0000] {dag.py:3096} INFO - Sync 1 DAGs
[2026-05-29T12:34:41.102+0000] {logging_mixin.py:188} INFO - [2026-05-29T12:34:41.102+0000] {dag.py:3954} INFO - Setting next_dagrun for train_flight_delay_model to None, run_after=None
[2026-05-29T12:34:41.155+0000] {processor.py:183} INFO - Processing /opt/airflow/dags/train_model_dag.py took 0.187 seconds
[2026-05-29T12:35:11.458+0000] {processor.py:161} INFO - Started process (PID=1294) to work on /opt/airflow/dags/train_model_dag.py
[2026-05-29T12:35:11.461+0000] {processor.py:830} INFO - Processing file /opt/airflow/dags/train_model_dag.py for tasks to queue
[2026-05-29T12:35:11.467+0000] {logging_mixin.py:188} INFO - [2026-05-29T12:35:11.466+0000] {dagbag.py:540} INFO - Filling up the DagBag from /opt/airflow/dags/train_model_dag.py
[2026-05-29T12:35:11.502+0000] {processor.py:840} INFO - DAG(s) 'train_flight_delay_model' retrieved from /opt/airflow/dags/train_model_dag.py
[2026-05-29T12:35:11.556+0000] {logging_mixin.py:188} INFO - [2026-05-29T12:35:11.556+0000] {dag.py:3096} INFO - Sync 1 DAGs
[2026-05-29T12:35:11.588+0000] {logging_mixin.py:188} INFO - [2026-05-29T12:35:11.588+0000] {dag.py:3954} INFO - Setting next_dagrun for train_flight_delay_model to None, run_after=None
[2026-05-29T12:35:11.646+0000] {processor.py:183} INFO - Processing /opt/airflow/dags/train_model_dag.py took 0.214 seconds
[2026-05-29T12:35:41.967+0000] {processor.py:161} INFO - Started process (PID=1295) to work on /opt/airflow/dags/train_model_dag.py
[2026-05-29T12:35:41.970+0000] {processor.py:830} INFO - Processing file /opt/airflow/dags/train_model_dag.py for tasks to queue
[2026-05-29T12:35:41.974+0000] {logging_mixin.py:188} INFO - [2026-05-29T12:35:41.973+0000] {dagbag.py:540} INFO - Filling up the DagBag from /opt/airflow/dags/train_model_dag.py
[2026-05-29T12:35:41.996+0000] {processor.py:840} INFO - DAG(s) 'train_flight_delay_model' retrieved from /opt/airflow/dags/train_model_dag.py
[2026-05-29T12:35:42.033+0000] {logging_mixin.py:188} INFO - [2026-05-29T12:35:42.033+0000] {dag.py:3096} INFO - Sync 1 DAGs
[2026-05-29T12:35:42.053+0000] {logging_mixin.py:188} INFO - [2026-05-29T12:35:42.053+0000] {dag.py:3954} INFO - Setting next_dagrun for train_flight_delay_model to None, run_after=None
[2026-05-29T12:35:42.087+0000] {processor.py:183} INFO - Processing /opt/airflow/dags/train_model_dag.py took 0.136 seconds
[2026-05-29T12:36:12.468+0000] {processor.py:161} INFO - Started process (PID=1296) to work on /opt/airflow/dags/train_model_dag.py
[2026-05-29T12:36:12.472+0000] {processor.py:830} INFO - Processing file /opt/airflow/dags/train_model_dag.py for tasks to queue
[2026-05-29T12:36:12.477+0000] {logging_mixin.py:188} INFO - [2026-05-29T12:36:12.476+0000] {dagbag.py:540} INFO - Filling up the DagBag from /opt/airflow/dags/train_model_dag.py
[2026-05-29T12:36:12.507+0000] {processor.py:840} INFO - DAG(s) 'train_flight_delay_model' retrieved from /opt/airflow/dags/train_model_dag.py
[2026-05-29T12:36:12.571+0000] {logging_mixin.py:188} INFO - [2026-05-29T12:36:12.571+0000] {dag.py:3096} INFO - Sync 1 DAGs
[2026-05-29T12:36:12.603+0000] {logging_mixin.py:188} INFO - [2026-05-29T12:36:12.603+0000] {dag.py:3954} INFO - Setting next_dagrun for train_flight_delay_model to None, run_after=None
[2026-05-29T12:36:12.665+0000] {processor.py:183} INFO - Processing /opt/airflow/dags/train_model_dag.py took 0.225 seconds
[2026-05-29T12:36:42.976+0000] {processor.py:161} INFO - Started process (PID=1297) to work on /opt/airflow/dags/train_model_dag.py
[2026-05-29T12:36:42.979+0000] {processor.py:830} INFO - Processing file /opt/airflow/dags/train_model_dag.py for tasks to queue
[2026-05-29T12:36:42.982+0000] {logging_mixin.py:188} INFO - [2026-05-29T12:36:42.981+0000] {dagbag.py:540} INFO - Filling up the DagBag from /opt/airflow/dags/train_model_dag.py
[2026-05-29T12:36:43.002+0000] {processor.py:840} INFO - DAG(s) 'train_flight_delay_model' retrieved from /opt/airflow/dags/train_model_dag.py
[2026-05-29T12:36:43.053+0000] {logging_mixin.py:188} INFO - [2026-05-29T12:36:43.052+0000] {dag.py:3096} INFO - Sync 1 DAGs
[2026-05-29T12:36:43.081+0000] {logging_mixin.py:188} INFO - [2026-05-29T12:36:43.080+0000] {dag.py:3954} INFO - Setting next_dagrun for train_flight_delay_model to None, run_after=None
[2026-05-29T12:36:43.129+0000] {processor.py:183} INFO - Processing /opt/airflow/dags/train_model_dag.py took 0.165 seconds
[2026-05-29T12:37:13.539+0000] {processor.py:161} INFO - Started process (PID=1298) to work on /opt/airflow/dags/train_model_dag.py
[2026-05-29T12:37:13.541+0000] {processor.py:830} INFO - Processing file /opt/airflow/dags/train_model_dag.py for tasks to queue
[2026-05-29T12:37:13.548+0000] {logging_mixin.py:188} INFO - [2026-05-29T12:37:13.547+0000] {dagbag.py:540} INFO - Filling up the DagBag from /opt/airflow/dags/train_model_dag.py
[2026-05-29T12:37:13.576+0000] {processor.py:840} INFO - DAG(s) 'train_flight_delay_model' retrieved from /opt/airflow/dags/train_model_dag.py
[2026-05-29T12:37:13.626+0000] {logging_mixin.py:188} INFO - [2026-05-29T12:37:13.625+0000] {dag.py:3096} INFO - Sync 1 DAGs
[2026-05-29T12:37:13.653+0000] {logging_mixin.py:188} INFO - [2026-05-29T12:37:13.653+0000] {dag.py:3954} INFO - Setting next_dagrun for train_flight_delay_model to None, run_after=None
[2026-05-29T12:37:13.706+0000] {processor.py:183} INFO - Processing /opt/airflow/dags/train_model_dag.py took 0.192 seconds
[2026-05-29T12:37:43.922+0000] {processor.py:161} INFO - Started process (PID=1299) to work on /opt/airflow/dags/train_model_dag.py
[2026-05-29T12:37:43.924+0000] {processor.py:830} INFO - Processing file /opt/airflow/dags/train_model_dag.py for tasks to queue
[2026-05-29T12:37:43.928+0000] {logging_mixin.py:188} INFO - [2026-05-29T12:37:43.927+0000] {dagbag.py:540} INFO - Filling up the DagBag from /opt/airflow/dags/train_model_dag.py
[2026-05-29T12:37:43.947+0000] {processor.py:840} INFO - DAG(s) 'train_flight_delay_model' retrieved from /opt/airflow/dags/train_model_dag.py
[2026-05-29T12:37:43.995+0000] {logging_mixin.py:188} INFO - [2026-05-29T12:37:43.995+0000] {dag.py:3096} INFO - Sync 1 DAGs
[2026-05-29T12:37:44.024+0000] {logging_mixin.py:188} INFO - [2026-05-29T12:37:44.023+0000] {dag.py:3954} INFO - Setting next_dagrun for train_flight_delay_model to None, run_after=None
[2026-05-29T12:37:44.062+0000] {processor.py:183} INFO - Processing /opt/airflow/dags/train_model_dag.py took 0.156 seconds
[2026-05-29T12:38:14.510+0000] {processor.py:161} INFO - Started process (PID=1300) to work on /opt/airflow/dags/train_model_dag.py
[2026-05-29T12:38:14.516+0000] {processor.py:830} INFO - Processing file /opt/airflow/dags/train_model_dag.py for tasks to queue
[2026-05-29T12:38:14.522+0000] {logging_mixin.py:188} INFO - [2026-05-29T12:38:14.519+0000] {dagbag.py:540} INFO - Filling up the DagBag from /opt/airflow/dags/train_model_dag.py
[2026-05-29T12:38:14.557+0000] {processor.py:840} INFO - DAG(s) 'train_flight_delay_model' retrieved from /opt/airflow/dags/train_model_dag.py
[2026-05-29T12:38:14.629+0000] {logging_mixin.py:188} INFO - [2026-05-29T12:38:14.628+0000] {dag.py:3096} INFO - Sync 1 DAGs
[2026-05-29T12:38:14.658+0000] {logging_mixin.py:188} INFO - [2026-05-29T12:38:14.657+0000] {dag.py:3954} INFO - Setting next_dagrun for train_flight_delay_model to None, run_after=None
[2026-05-29T12:38:14.712+0000] {processor.py:183} INFO - Processing /opt/airflow/dags/train_model_dag.py took 0.234 seconds
[2026-05-29T12:38:44.937+0000] {processor.py:161} INFO - Started process (PID=1301) to work on /opt/airflow/dags/train_model_dag.py
[2026-05-29T12:38:44.952+0000] {processor.py:830} INFO - Processing file /opt/airflow/dags/train_model_dag.py for tasks to queue
[2026-05-29T12:38:44.958+0000] {logging_mixin.py:188} INFO - [2026-05-29T12:38:44.957+0000] {dagbag.py:540} INFO - Filling up the DagBag from /opt/airflow/dags/train_model_dag.py
[2026-05-29T12:38:44.994+0000] {processor.py:840} INFO - DAG(s) 'train_flight_delay_model' retrieved from /opt/airflow/dags/train_model_dag.py
[2026-05-29T12:38:45.056+0000] {logging_mixin.py:188} INFO - [2026-05-29T12:38:45.055+0000] {dag.py:3096} INFO - Sync 1 DAGs
[2026-05-29T12:38:45.084+0000] {logging_mixin.py:188} INFO - [2026-05-29T12:38:45.084+0000] {dag.py:3954} INFO - Setting next_dagrun for train_flight_delay_model to None, run_after=None
[2026-05-29T12:38:45.133+0000] {processor.py:183} INFO - Processing /opt/airflow/dags/train_model_dag.py took 0.223 seconds
[2026-05-29T12:39:15.445+0000] {processor.py:161} INFO - Started process (PID=1302) to work on /opt/airflow/dags/train_model_dag.py
[2026-05-29T12:39:15.447+0000] {processor.py:830} INFO - Processing file /opt/airflow/dags/train_model_dag.py for tasks to queue
[2026-05-29T12:39:15.456+0000] {logging_mixin.py:188} INFO - [2026-05-29T12:39:15.455+0000] {dagbag.py:540} INFO - Filling up the DagBag from /opt/airflow/dags/train_model_dag.py
[2026-05-29T12:39:15.485+0000] {processor.py:840} INFO - DAG(s) 'train_flight_delay_model' retrieved from /opt/airflow/dags/train_model_dag.py
[2026-05-29T12:39:15.548+0000] {logging_mixin.py:188} INFO - [2026-05-29T12:39:15.546+0000] {dag.py:3096} INFO - Sync 1 DAGs
[2026-05-29T12:39:15.586+0000] {logging_mixin.py:188} INFO - [2026-05-29T12:39:15.586+0000] {dag.py:3954} INFO - Setting next_dagrun for train_flight_delay_model to None, run_after=None
[2026-05-29T12:39:15.657+0000] {processor.py:183} INFO - Processing /opt/airflow/dags/train_model_dag.py took 0.237 seconds
[2026-05-29T12:39:45.852+0000] {processor.py:161} INFO - Started process (PID=1303) to work on /opt/airflow/dags/train_model_dag.py
[2026-05-29T12:39:45.855+0000] {processor.py:830} INFO - Processing file /opt/airflow/dags/train_model_dag.py for tasks to queue
[2026-05-29T12:39:45.859+0000] {logging_mixin.py:188} INFO - [2026-05-29T12:39:45.858+0000] {dagbag.py:540} INFO - Filling up the DagBag from /opt/airflow/dags/train_model_dag.py
[2026-05-29T12:39:45.878+0000] {processor.py:840} INFO - DAG(s) 'train_flight_delay_model' retrieved from /opt/airflow/dags/train_model_dag.py
[2026-05-29T12:39:45.927+0000] {logging_mixin.py:188} INFO - [2026-05-29T12:39:45.926+0000] {dag.py:3096} INFO - Sync 1 DAGs
[2026-05-29T12:39:45.948+0000] {logging_mixin.py:188} INFO - [2026-05-29T12:39:45.947+0000] {dag.py:3954} INFO - Setting next_dagrun for train_flight_delay_model to None, run_after=None
[2026-05-29T12:39:45.983+0000] {processor.py:183} INFO - Processing /opt/airflow/dags/train_model_dag.py took 0.144 seconds
[2026-05-29T12:40:16.434+0000] {processor.py:161} INFO - Started process (PID=1304) to work on /opt/airflow/dags/train_model_dag.py
[2026-05-29T12:40:16.435+0000] {processor.py:830} INFO - Processing file /opt/airflow/dags/train_model_dag.py for tasks to queue
[2026-05-29T12:40:16.438+0000] {logging_mixin.py:188} INFO - [2026-05-29T12:40:16.437+0000] {dagbag.py:540} INFO - Filling up the DagBag from /opt/airflow/dags/train_model_dag.py
[2026-05-29T12:40:16.452+0000] {processor.py:840} INFO - DAG(s) 'train_flight_delay_model' retrieved from /opt/airflow/dags/train_model_dag.py
[2026-05-29T12:40:16.488+0000] {logging_mixin.py:188} INFO - [2026-05-29T12:40:16.488+0000] {dag.py:3096} INFO - Sync 1 DAGs
[2026-05-29T12:40:16.507+0000] {logging_mixin.py:188} INFO - [2026-05-29T12:40:16.507+0000] {dag.py:3954} INFO - Setting next_dagrun for train_flight_delay_model to None, run_after=None
[2026-05-29T12:40:16.539+0000] {processor.py:183} INFO - Processing /opt/airflow/dags/train_model_dag.py took 0.116 seconds
[2026-05-29T12:40:46.978+0000] {processor.py:161} INFO - Started process (PID=1305) to work on /opt/airflow/dags/train_model_dag.py
[2026-05-29T12:40:46.981+0000] {processor.py:830} INFO - Processing file /opt/airflow/dags/train_model_dag.py for tasks to queue
[2026-05-29T12:40:46.987+0000] {logging_mixin.py:188} INFO - [2026-05-29T12:40:46.986+0000] {dagbag.py:540} INFO - Filling up the DagBag from /opt/airflow/dags/train_model_dag.py
[2026-05-29T12:40:47.011+0000] {processor.py:840} INFO - DAG(s) 'train_flight_delay_model' retrieved from /opt/airflow/dags/train_model_dag.py
[2026-05-29T12:40:47.088+0000] {logging_mixin.py:188} INFO - [2026-05-29T12:40:47.087+0000] {dag.py:3096} INFO - Sync 1 DAGs
[2026-05-29T12:40:47.116+0000] {logging_mixin.py:188} INFO - [2026-05-29T12:40:47.116+0000] {dag.py:3954} INFO - Setting next_dagrun for train_flight_delay_model to None, run_after=None
[2026-05-29T12:40:47.168+0000] {processor.py:183} INFO - Processing /opt/airflow/dags/train_model_dag.py took 0.207 seconds
[2026-05-29T12:41:17.401+0000] {processor.py:161} INFO - Started process (PID=1306) to work on /opt/airflow/dags/train_model_dag.py
[2026-05-29T12:41:17.403+0000] {processor.py:830} INFO - Processing file /opt/airflow/dags/train_model_dag.py for tasks to queue
[2026-05-29T12:41:17.406+0000] {logging_mixin.py:188} INFO - [2026-05-29T12:41:17.405+0000] {dagbag.py:540} INFO - Filling up the DagBag from /opt/airflow/dags/train_model_dag.py
[2026-05-29T12:41:17.424+0000] {processor.py:840} INFO - DAG(s) 'train_flight_delay_model' retrieved from /opt/airflow/dags/train_model_dag.py
[2026-05-29T12:41:17.472+0000] {logging_mixin.py:188} INFO - [2026-05-29T12:41:17.471+0000] {dag.py:3096} INFO - Sync 1 DAGs
[2026-05-29T12:41:17.502+0000] {logging_mixin.py:188} INFO - [2026-05-29T12:41:17.502+0000] {dag.py:3954} INFO - Setting next_dagrun for train_flight_delay_model to None, run_after=None
[2026-05-29T12:41:17.543+0000] {processor.py:183} INFO - Processing /opt/airflow/dags/train_model_dag.py took 0.153 seconds
[2026-05-29T12:41:47.857+0000] {processor.py:161} INFO - Started process (PID=1307) to work on /opt/airflow/dags/train_model_dag.py
[2026-05-29T12:41:47.863+0000] {processor.py:830} INFO - Processing file /opt/airflow/dags/train_model_dag.py for tasks to queue
[2026-05-29T12:41:47.869+0000] {logging_mixin.py:188} INFO - [2026-05-29T12:41:47.868+0000] {dagbag.py:540} INFO - Filling up the DagBag from /opt/airflow/dags/train_model_dag.py
[2026-05-29T12:41:47.896+0000] {processor.py:840} INFO - DAG(s) 'train_flight_delay_model' retrieved from /opt/airflow/dags/train_model_dag.py
[2026-05-29T12:41:47.950+0000] {logging_mixin.py:188} INFO - [2026-05-29T12:41:47.949+0000] {dag.py:3096} INFO - Sync 1 DAGs
[2026-05-29T12:41:47.981+0000] {logging_mixin.py:188} INFO - [2026-05-29T12:41:47.980+0000] {dag.py:3954} INFO - Setting next_dagrun for train_flight_delay_model to None, run_after=None
[2026-05-29T12:41:48.039+0000] {processor.py:183} INFO - Processing /opt/airflow/dags/train_model_dag.py took 0.202 seconds
[2026-05-29T12:42:18.217+0000] {processor.py:161} INFO - Started process (PID=1308) to work on /opt/airflow/dags/train_model_dag.py
[2026-05-29T12:42:18.224+0000] {processor.py:830} INFO - Processing file /opt/airflow/dags/train_model_dag.py for tasks to queue
[2026-05-29T12:42:18.229+0000] {logging_mixin.py:188} INFO - [2026-05-29T12:42:18.228+0000] {dagbag.py:540} INFO - Filling up the DagBag from /opt/airflow/dags/train_model_dag.py
[2026-05-29T12:42:18.248+0000] {processor.py:840} INFO - DAG(s) 'train_flight_delay_model' retrieved from /opt/airflow/dags/train_model_dag.py
[2026-05-29T12:42:18.297+0000] {logging_mixin.py:188} INFO - [2026-05-29T12:42:18.297+0000] {dag.py:3096} INFO - Sync 1 DAGs
[2026-05-29T12:42:18.326+0000] {logging_mixin.py:188} INFO - [2026-05-29T12:42:18.325+0000] {dag.py:3954} INFO - Setting next_dagrun for train_flight_delay_model to None, run_after=None
[2026-05-29T12:42:18.372+0000] {processor.py:183} INFO - Processing /opt/airflow/dags/train_model_dag.py took 0.169 seconds
[2026-05-29T12:42:49.055+0000] {processor.py:161} INFO - Started process (PID=1309) to work on /opt/airflow/dags/train_model_dag.py
[2026-05-29T12:42:49.059+0000] {processor.py:830} INFO - Processing file /opt/airflow/dags/train_model_dag.py for tasks to queue
[2026-05-29T12:42:49.072+0000] {logging_mixin.py:188} INFO - [2026-05-29T12:42:49.067+0000] {dagbag.py:540} INFO - Filling up the DagBag from /opt/airflow/dags/train_model_dag.py
[2026-05-29T12:42:49.133+0000] {processor.py:840} INFO - DAG(s) 'train_flight_delay_model' retrieved from /opt/airflow/dags/train_model_dag.py
[2026-05-29T12:42:49.272+0000] {logging_mixin.py:188} INFO - [2026-05-29T12:42:49.272+0000] {dag.py:3096} INFO - Sync 1 DAGs
[2026-05-29T12:42:49.333+0000] {logging_mixin.py:188} INFO - [2026-05-29T12:42:49.331+0000] {dag.py:3954} INFO - Setting next_dagrun for train_flight_delay_model to None, run_after=None
[2026-05-29T12:42:49.434+0000] {processor.py:183} INFO - Processing /opt/airflow/dags/train_model_dag.py took 0.417 seconds
[2026-05-29T12:43:19.564+0000] {processor.py:161} INFO - Started process (PID=1310) to work on /opt/airflow/dags/train_model_dag.py
[2026-05-29T12:43:19.574+0000] {processor.py:830} INFO - Processing file /opt/airflow/dags/train_model_dag.py for tasks to queue
[2026-05-29T12:43:19.581+0000] {logging_mixin.py:188} INFO - [2026-05-29T12:43:19.580+0000] {dagbag.py:540} INFO - Filling up the DagBag from /opt/airflow/dags/train_model_dag.py
[2026-05-29T12:43:19.647+0000] {processor.py:840} INFO - DAG(s) 'train_flight_delay_model' retrieved from /opt/airflow/dags/train_model_dag.py
[2026-05-29T12:43:19.780+0000] {logging_mixin.py:188} INFO - [2026-05-29T12:43:19.780+0000] {dag.py:3096} INFO - Sync 1 DAGs
[2026-05-29T12:43:19.837+0000] {logging_mixin.py:188} INFO - [2026-05-29T12:43:19.836+0000] {dag.py:3954} INFO - Setting next_dagrun for train_flight_delay_model to None, run_after=None
[2026-05-29T12:43:19.896+0000] {processor.py:183} INFO - Processing /opt/airflow/dags/train_model_dag.py took 0.355 seconds
[2026-05-29T12:43:50.177+0000] {processor.py:161} INFO - Started process (PID=1311) to work on /opt/airflow/dags/train_model_dag.py
[2026-05-29T12:43:50.179+0000] {processor.py:830} INFO - Processing file /opt/airflow/dags/train_model_dag.py for tasks to queue
[2026-05-29T12:43:50.183+0000] {logging_mixin.py:188} INFO - [2026-05-29T12:43:50.183+0000] {dagbag.py:540} INFO - Filling up the DagBag from /opt/airflow/dags/train_model_dag.py
[2026-05-29T12:43:50.204+0000] {processor.py:840} INFO - DAG(s) 'train_flight_delay_model' retrieved from /opt/airflow/dags/train_model_dag.py
[2026-05-29T12:43:50.253+0000] {logging_mixin.py:188} INFO - [2026-05-29T12:43:50.252+0000] {dag.py:3096} INFO - Sync 1 DAGs
[2026-05-29T12:43:50.278+0000] {logging_mixin.py:188} INFO - [2026-05-29T12:43:50.278+0000] {dag.py:3954} INFO - Setting next_dagrun for train_flight_delay_model to None, run_after=None
[2026-05-29T12:43:50.318+0000] {processor.py:183} INFO - Processing /opt/airflow/dags/train_model_dag.py took 0.153 seconds
[2026-05-29T12:44:20.517+0000] {processor.py:161} INFO - Started process (PID=1312) to work on /opt/airflow/dags/train_model_dag.py
[2026-05-29T12:44:20.520+0000] {processor.py:830} INFO - Processing file /opt/airflow/dags/train_model_dag.py for tasks to queue
[2026-05-29T12:44:20.527+0000] {logging_mixin.py:188} INFO - [2026-05-29T12:44:20.526+0000] {dagbag.py:540} INFO - Filling up the DagBag from /opt/airflow/dags/train_model_dag.py
[2026-05-29T12:44:20.553+0000] {processor.py:840} INFO - DAG(s) 'train_flight_delay_model' retrieved from /opt/airflow/dags/train_model_dag.py
[2026-05-29T12:44:20.625+0000] {logging_mixin.py:188} INFO - [2026-05-29T12:44:20.624+0000] {dag.py:3096} INFO - Sync 1 DAGs
[2026-05-29T12:44:20.654+0000] {logging_mixin.py:188} INFO - [2026-05-29T12:44:20.653+0000] {dag.py:3954} INFO - Setting next_dagrun for train_flight_delay_model to None, run_after=None
[2026-05-29T12:44:20.703+0000] {processor.py:183} INFO - Processing /opt/airflow/dags/train_model_dag.py took 0.209 seconds
[2026-05-29T12:44:50.973+0000] {processor.py:161} INFO - Started process (PID=1313) to work on /opt/airflow/dags/train_model_dag.py
[2026-05-29T12:44:50.976+0000] {processor.py:830} INFO - Processing file /opt/airflow/dags/train_model_dag.py for tasks to queue
[2026-05-29T12:44:50.982+0000] {logging_mixin.py:188} INFO - [2026-05-29T12:44:50.981+0000] {dagbag.py:540} INFO - Filling up the DagBag from /opt/airflow/dags/train_model_dag.py
[2026-05-29T12:44:51.002+0000] {processor.py:840} INFO - DAG(s) 'train_flight_delay_model' retrieved from /opt/airflow/dags/train_model_dag.py
[2026-05-29T12:44:51.050+0000] {logging_mixin.py:188} INFO - [2026-05-29T12:44:51.049+0000] {dag.py:3096} INFO - Sync 1 DAGs
[2026-05-29T12:44:51.078+0000] {logging_mixin.py:188} INFO - [2026-05-29T12:44:51.077+0000] {dag.py:3954} INFO - Setting next_dagrun for train_flight_delay_model to None, run_after=None
[2026-05-29T12:44:51.131+0000] {processor.py:183} INFO - Processing /opt/airflow/dags/train_model_dag.py took 0.172 seconds
[2026-05-29T12:45:21.384+0000] {processor.py:161} INFO - Started process (PID=1314) to work on /opt/airflow/dags/train_model_dag.py
[2026-05-29T12:45:21.386+0000] {processor.py:830} INFO - Processing file /opt/airflow/dags/train_model_dag.py for tasks to queue
[2026-05-29T12:45:21.398+0000] {logging_mixin.py:188} INFO - [2026-05-29T12:45:21.394+0000] {dagbag.py:540} INFO - Filling up the DagBag from /opt/airflow/dags/train_model_dag.py
[2026-05-29T12:45:21.421+0000] {processor.py:840} INFO - DAG(s) 'train_flight_delay_model' retrieved from /opt/airflow/dags/train_model_dag.py
[2026-05-29T12:45:21.476+0000] {logging_mixin.py:188} INFO - [2026-05-29T12:45:21.476+0000] {dag.py:3096} INFO - Sync 1 DAGs
[2026-05-29T12:45:21.508+0000] {logging_mixin.py:188} INFO - [2026-05-29T12:45:21.507+0000] {dag.py:3954} INFO - Setting next_dagrun for train_flight_delay_model to None, run_after=None
[2026-05-29T12:45:21.561+0000] {processor.py:183} INFO - Processing /opt/airflow/dags/train_model_dag.py took 0.199 seconds
[2026-05-29T12:45:51.933+0000] {processor.py:161} INFO - Started process (PID=1315) to work on /opt/airflow/dags/train_model_dag.py
[2026-05-29T12:45:51.938+0000] {processor.py:830} INFO - Processing file /opt/airflow/dags/train_model_dag.py for tasks to queue
[2026-05-29T12:45:51.943+0000] {logging_mixin.py:188} INFO - [2026-05-29T12:45:51.942+0000] {dagbag.py:540} INFO - Filling up the DagBag from /opt/airflow/dags/train_model_dag.py
[2026-05-29T12:45:51.975+0000] {processor.py:840} INFO - DAG(s) 'train_flight_delay_model' retrieved from /opt/airflow/dags/train_model_dag.py
[2026-05-29T12:45:52.052+0000] {logging_mixin.py:188} INFO - [2026-05-29T12:45:52.051+0000] {dag.py:3096} INFO - Sync 1 DAGs
[2026-05-29T12:45:52.088+0000] {logging_mixin.py:188} INFO - [2026-05-29T12:45:52.087+0000] {dag.py:3954} INFO - Setting next_dagrun for train_flight_delay_model to None, run_after=None
[2026-05-29T12:45:52.141+0000] {processor.py:183} INFO - Processing /opt/airflow/dags/train_model_dag.py took 0.228 seconds
[2026-05-29T12:46:22.450+0000] {processor.py:161} INFO - Started process (PID=1316) to work on /opt/airflow/dags/train_model_dag.py
[2026-05-29T12:46:22.452+0000] {processor.py:830} INFO - Processing file /opt/airflow/dags/train_model_dag.py for tasks to queue
[2026-05-29T12:46:22.456+0000] {logging_mixin.py:188} INFO - [2026-05-29T12:46:22.455+0000] {dagbag.py:540} INFO - Filling up the DagBag from /opt/airflow/dags/train_model_dag.py
[2026-05-29T12:46:22.480+0000] {processor.py:840} INFO - DAG(s) 'train_flight_delay_model' retrieved from /opt/airflow/dags/train_model_dag.py
[2026-05-29T12:46:22.530+0000] {logging_mixin.py:188} INFO - [2026-05-29T12:46:22.530+0000] {dag.py:3096} INFO - Sync 1 DAGs
[2026-05-29T12:46:22.560+0000] {logging_mixin.py:188} INFO - [2026-05-29T12:46:22.559+0000] {dag.py:3954} INFO - Setting next_dagrun for train_flight_delay_model to None, run_after=None
[2026-05-29T12:46:22.620+0000] {processor.py:183} INFO - Processing /opt/airflow/dags/train_model_dag.py took 0.189 seconds
[2026-05-29T12:46:52.870+0000] {processor.py:161} INFO - Started process (PID=1317) to work on /opt/airflow/dags/train_model_dag.py
[2026-05-29T12:46:52.873+0000] {processor.py:830} INFO - Processing file /opt/airflow/dags/train_model_dag.py for tasks to queue
[2026-05-29T12:46:52.877+0000] {logging_mixin.py:188} INFO - [2026-05-29T12:46:52.876+0000] {dagbag.py:540} INFO - Filling up the DagBag from /opt/airflow/dags/train_model_dag.py
[2026-05-29T12:46:52.898+0000] {processor.py:840} INFO - DAG(s) 'train_flight_delay_model' retrieved from /opt/airflow/dags/train_model_dag.py
[2026-05-29T12:46:52.947+0000] {logging_mixin.py:188} INFO - [2026-05-29T12:46:52.947+0000] {dag.py:3096} INFO - Sync 1 DAGs
[2026-05-29T12:46:52.976+0000] {logging_mixin.py:188} INFO - [2026-05-29T12:46:52.976+0000] {dag.py:3954} INFO - Setting next_dagrun for train_flight_delay_model to None, run_after=None
[2026-05-29T12:46:53.029+0000] {processor.py:183} INFO - Processing /opt/airflow/dags/train_model_dag.py took 0.171 seconds
[2026-05-29T12:47:23.212+0000] {processor.py:161} INFO - Started process (PID=1318) to work on /opt/airflow/dags/train_model_dag.py
[2026-05-29T12:47:23.214+0000] {processor.py:830} INFO - Processing file /opt/airflow/dags/train_model_dag.py for tasks to queue
[2026-05-29T12:47:23.223+0000] {logging_mixin.py:188} INFO - [2026-05-29T12:47:23.222+0000] {dagbag.py:540} INFO - Filling up the DagBag from /opt/airflow/dags/train_model_dag.py
[2026-05-29T12:47:23.249+0000] {processor.py:840} INFO - DAG(s) 'train_flight_delay_model' retrieved from /opt/airflow/dags/train_model_dag.py
[2026-05-29T12:47:23.298+0000] {logging_mixin.py:188} INFO - [2026-05-29T12:47:23.298+0000] {dag.py:3096} INFO - Sync 1 DAGs
[2026-05-29T12:47:23.327+0000] {logging_mixin.py:188} INFO - [2026-05-29T12:47:23.327+0000] {dag.py:3954} INFO - Setting next_dagrun for train_flight_delay_model to None, run_after=None
[2026-05-29T12:47:23.380+0000] {processor.py:183} INFO - Processing /opt/airflow/dags/train_model_dag.py took 0.190 seconds
[2026-05-29T12:47:53.646+0000] {processor.py:161} INFO - Started process (PID=1319) to work on /opt/airflow/dags/train_model_dag.py
[2026-05-29T12:47:53.647+0000] {processor.py:830} INFO - Processing file /opt/airflow/dags/train_model_dag.py for tasks to queue
[2026-05-29T12:47:53.652+0000] {logging_mixin.py:188} INFO - [2026-05-29T12:47:53.651+0000] {dagbag.py:540} INFO - Filling up the DagBag from /opt/airflow/dags/train_model_dag.py
[2026-05-29T12:47:53.672+0000] {processor.py:840} INFO - DAG(s) 'train_flight_delay_model' retrieved from /opt/airflow/dags/train_model_dag.py
[2026-05-29T12:47:53.722+0000] {logging_mixin.py:188} INFO - [2026-05-29T12:47:53.722+0000] {dag.py:3096} INFO - Sync 1 DAGs
[2026-05-29T12:47:53.749+0000] {logging_mixin.py:188} INFO - [2026-05-29T12:47:53.749+0000] {dag.py:3954} INFO - Setting next_dagrun for train_flight_delay_model to None, run_after=None
[2026-05-29T12:47:53.798+0000] {processor.py:183} INFO - Processing /opt/airflow/dags/train_model_dag.py took 0.167 seconds
[2026-05-29T12:48:23.987+0000] {processor.py:161} INFO - Started process (PID=1320) to work on /opt/airflow/dags/train_model_dag.py
[2026-05-29T12:48:23.991+0000] {processor.py:830} INFO - Processing file /opt/airflow/dags/train_model_dag.py for tasks to queue
[2026-05-29T12:48:23.998+0000] {logging_mixin.py:188} INFO - [2026-05-29T12:48:23.997+0000] {dagbag.py:540} INFO - Filling up the DagBag from /opt/airflow/dags/train_model_dag.py
[2026-05-29T12:48:24.036+0000] {processor.py:840} INFO - DAG(s) 'train_flight_delay_model' retrieved from /opt/airflow/dags/train_model_dag.py
[2026-05-29T12:48:24.108+0000] {logging_mixin.py:188} INFO - [2026-05-29T12:48:24.107+0000] {dag.py:3096} INFO - Sync 1 DAGs
[2026-05-29T12:48:24.147+0000] {logging_mixin.py:188} INFO - [2026-05-29T12:48:24.146+0000] {dag.py:3954} INFO - Setting next_dagrun for train_flight_delay_model to None, run_after=None
[2026-05-29T12:48:24.199+0000] {processor.py:183} INFO - Processing /opt/airflow/dags/train_model_dag.py took 0.234 seconds
[2026-05-29T12:48:54.451+0000] {processor.py:161} INFO - Started process (PID=1321) to work on /opt/airflow/dags/train_model_dag.py
[2026-05-29T12:48:54.452+0000] {processor.py:830} INFO - Processing file /opt/airflow/dags/train_model_dag.py for tasks to queue
[2026-05-29T12:48:54.456+0000] {logging_mixin.py:188} INFO - [2026-05-29T12:48:54.455+0000] {dagbag.py:540} INFO - Filling up the DagBag from /opt/airflow/dags/train_model_dag.py
[2026-05-29T12:48:54.473+0000] {processor.py:840} INFO - DAG(s) 'train_flight_delay_model' retrieved from /opt/airflow/dags/train_model_dag.py
[2026-05-29T12:48:54.516+0000] {logging_mixin.py:188} INFO - [2026-05-29T12:48:54.516+0000] {dag.py:3096} INFO - Sync 1 DAGs
[2026-05-29T12:48:54.547+0000] {logging_mixin.py:188} INFO - [2026-05-29T12:48:54.547+0000] {dag.py:3954} INFO - Setting next_dagrun for train_flight_delay_model to None, run_after=None
[2026-05-29T12:48:54.595+0000] {processor.py:183} INFO - Processing /opt/airflow/dags/train_model_dag.py took 0.156 seconds
[2026-05-29T12:49:24.781+0000] {processor.py:161} INFO - Started process (PID=1322) to work on /opt/airflow/dags/train_model_dag.py
[2026-05-29T12:49:24.818+0000] {processor.py:830} INFO - Processing file /opt/airflow/dags/train_model_dag.py for tasks to queue
[2026-05-29T12:49:24.822+0000] {logging_mixin.py:188} INFO - [2026-05-29T12:49:24.821+0000] {dagbag.py:540} INFO - Filling up the DagBag from /opt/airflow/dags/train_model_dag.py
[2026-05-29T12:49:24.844+0000] {processor.py:840} INFO - DAG(s) 'train_flight_delay_model' retrieved from /opt/airflow/dags/train_model_dag.py
[2026-05-29T12:49:24.894+0000] {logging_mixin.py:188} INFO - [2026-05-29T12:49:24.893+0000] {dag.py:3096} INFO - Sync 1 DAGs
[2026-05-29T12:49:24.923+0000] {logging_mixin.py:188} INFO - [2026-05-29T12:49:24.922+0000] {dag.py:3954} INFO - Setting next_dagrun for train_flight_delay_model to None, run_after=None
[2026-05-29T12:49:24.970+0000] {processor.py:183} INFO - Processing /opt/airflow/dags/train_model_dag.py took 0.205 seconds
[2026-05-29T12:49:55.268+0000] {processor.py:161} INFO - Started process (PID=1323) to work on /opt/airflow/dags/train_model_dag.py
[2026-05-29T12:49:55.269+0000] {processor.py:830} INFO - Processing file /opt/airflow/dags/train_model_dag.py for tasks to queue
[2026-05-29T12:49:55.273+0000] {logging_mixin.py:188} INFO - [2026-05-29T12:49:55.273+0000] {dagbag.py:540} INFO - Filling up the DagBag from /opt/airflow/dags/train_model_dag.py
[2026-05-29T12:49:55.307+0000] {processor.py:840} INFO - DAG(s) 'train_flight_delay_model' retrieved from /opt/airflow/dags/train_model_dag.py
[2026-05-29T12:49:55.370+0000] {logging_mixin.py:188} INFO - [2026-05-29T12:49:55.370+0000] {dag.py:3096} INFO - Sync 1 DAGs
[2026-05-29T12:49:55.406+0000] {logging_mixin.py:188} INFO - [2026-05-29T12:49:55.405+0000] {dag.py:3954} INFO - Setting next_dagrun for train_flight_delay_model to None, run_after=None
[2026-05-29T12:49:55.462+0000] {processor.py:183} INFO - Processing /opt/airflow/dags/train_model_dag.py took 0.219 seconds
[2026-05-29T12:50:25.755+0000] {processor.py:161} INFO - Started process (PID=1324) to work on /opt/airflow/dags/train_model_dag.py
[2026-05-29T12:50:25.838+0000] {processor.py:830} INFO - Processing file /opt/airflow/dags/train_model_dag.py for tasks to queue
[2026-05-29T12:50:25.844+0000] {logging_mixin.py:188} INFO - [2026-05-29T12:50:25.844+0000] {dagbag.py:540} INFO - Filling up the DagBag from /opt/airflow/dags/train_model_dag.py
[2026-05-29T12:50:25.876+0000] {processor.py:840} INFO - DAG(s) 'train_flight_delay_model' retrieved from /opt/airflow/dags/train_model_dag.py
[2026-05-29T12:50:25.924+0000] {logging_mixin.py:188} INFO - [2026-05-29T12:50:25.923+0000] {dag.py:3096} INFO - Sync 1 DAGs
[2026-05-29T12:50:25.952+0000] {logging_mixin.py:188} INFO - [2026-05-29T12:50:25.951+0000] {dag.py:3954} INFO - Setting next_dagrun for train_flight_delay_model to None, run_after=None
[2026-05-29T12:50:26.009+0000] {processor.py:183} INFO - Processing /opt/airflow/dags/train_model_dag.py took 0.275 seconds
[2026-05-29T12:50:56.232+0000] {processor.py:161} INFO - Started process (PID=1325) to work on /opt/airflow/dags/train_model_dag.py
[2026-05-29T12:50:56.234+0000] {processor.py:830} INFO - Processing file /opt/airflow/dags/train_model_dag.py for tasks to queue
[2026-05-29T12:50:56.238+0000] {logging_mixin.py:188} INFO - [2026-05-29T12:50:56.237+0000] {dagbag.py:540} INFO - Filling up the DagBag from /opt/airflow/dags/train_model_dag.py
[2026-05-29T12:50:56.261+0000] {processor.py:840} INFO - DAG(s) 'train_flight_delay_model' retrieved from /opt/airflow/dags/train_model_dag.py
[2026-05-29T12:50:56.319+0000] {logging_mixin.py:188} INFO - [2026-05-29T12:50:56.318+0000] {dag.py:3096} INFO - Sync 1 DAGs
[2026-05-29T12:50:56.353+0000] {logging_mixin.py:188} INFO - [2026-05-29T12:50:56.352+0000] {dag.py:3954} INFO - Setting next_dagrun for train_flight_delay_model to None, run_after=None
[2026-05-29T12:50:56.423+0000] {processor.py:183} INFO - Processing /opt/airflow/dags/train_model_dag.py took 0.204 seconds
[2026-05-29T12:51:26.707+0000] {processor.py:161} INFO - Started process (PID=1326) to work on /opt/airflow/dags/train_model_dag.py
[2026-05-29T12:51:26.710+0000] {processor.py:830} INFO - Processing file /opt/airflow/dags/train_model_dag.py for tasks to queue
[2026-05-29T12:51:26.715+0000] {logging_mixin.py:188} INFO - [2026-05-29T12:51:26.714+0000] {dagbag.py:540} INFO - Filling up the DagBag from /opt/airflow/dags/train_model_dag.py
[2026-05-29T12:51:26.739+0000] {processor.py:840} INFO - DAG(s) 'train_flight_delay_model' retrieved from /opt/airflow/dags/train_model_dag.py
[2026-05-29T12:51:26.799+0000] {logging_mixin.py:188} INFO - [2026-05-29T12:51:26.798+0000] {dag.py:3096} INFO - Sync 1 DAGs
[2026-05-29T12:51:26.828+0000] {logging_mixin.py:188} INFO - [2026-05-29T12:51:26.827+0000] {dag.py:3954} INFO - Setting next_dagrun for train_flight_delay_model to None, run_after=None
[2026-05-29T12:51:26.882+0000] {processor.py:183} INFO - Processing /opt/airflow/dags/train_model_dag.py took 0.198 seconds
[2026-05-29T12:51:57.155+0000] {processor.py:161} INFO - Started process (PID=1327) to work on /opt/airflow/dags/train_model_dag.py
[2026-05-29T12:51:57.157+0000] {processor.py:830} INFO - Processing file /opt/airflow/dags/train_model_dag.py for tasks to queue
[2026-05-29T12:51:57.162+0000] {logging_mixin.py:188} INFO - [2026-05-29T12:51:57.160+0000] {dagbag.py:540} INFO - Filling up the DagBag from /opt/airflow/dags/train_model_dag.py
[2026-05-29T12:51:57.189+0000] {processor.py:840} INFO - DAG(s) 'train_flight_delay_model' retrieved from /opt/airflow/dags/train_model_dag.py
[2026-05-29T12:51:57.266+0000] {logging_mixin.py:188} INFO - [2026-05-29T12:51:57.265+0000] {dag.py:3096} INFO - Sync 1 DAGs
[2026-05-29T12:51:57.309+0000] {logging_mixin.py:188} INFO - [2026-05-29T12:51:57.308+0000] {dag.py:3954} INFO - Setting next_dagrun for train_flight_delay_model to None, run_after=None
[2026-05-29T12:51:57.373+0000] {processor.py:183} INFO - Processing /opt/airflow/dags/train_model_dag.py took 0.236 seconds
[2026-05-29T12:52:27.627+0000] {processor.py:161} INFO - Started process (PID=1328) to work on /opt/airflow/dags/train_model_dag.py
[2026-05-29T12:52:27.630+0000] {processor.py:830} INFO - Processing file /opt/airflow/dags/train_model_dag.py for tasks to queue
[2026-05-29T12:52:27.636+0000] {logging_mixin.py:188} INFO - [2026-05-29T12:52:27.635+0000] {dagbag.py:540} INFO - Filling up the DagBag from /opt/airflow/dags/train_model_dag.py
[2026-05-29T12:52:27.673+0000] {processor.py:840} INFO - DAG(s) 'train_flight_delay_model' retrieved from /opt/airflow/dags/train_model_dag.py
[2026-05-29T12:52:27.733+0000] {logging_mixin.py:188} INFO - [2026-05-29T12:52:27.733+0000] {dag.py:3096} INFO - Sync 1 DAGs
[2026-05-29T12:52:27.773+0000] {logging_mixin.py:188} INFO - [2026-05-29T12:52:27.773+0000] {dag.py:3954} INFO - Setting next_dagrun for train_flight_delay_model to None, run_after=None
[2026-05-29T12:52:27.838+0000] {processor.py:183} INFO - Processing /opt/airflow/dags/train_model_dag.py took 0.238 seconds
[2026-05-29T12:52:58.230+0000] {processor.py:161} INFO - Started process (PID=1329) to work on /opt/airflow/dags/train_model_dag.py
[2026-05-29T12:52:58.279+0000] {processor.py:830} INFO - Processing file /opt/airflow/dags/train_model_dag.py for tasks to queue
[2026-05-29T12:52:58.297+0000] {logging_mixin.py:188} INFO - [2026-05-29T12:52:58.292+0000] {dagbag.py:540} INFO - Filling up the DagBag from /opt/airflow/dags/train_model_dag.py
[2026-05-29T12:52:58.365+0000] {processor.py:840} INFO - DAG(s) 'train_flight_delay_model' retrieved from /opt/airflow/dags/train_model_dag.py
[2026-05-29T12:52:58.563+0000] {logging_mixin.py:188} INFO - [2026-05-29T12:52:58.561+0000] {dag.py:3096} INFO - Sync 1 DAGs
[2026-05-29T12:52:58.684+0000] {logging_mixin.py:188} INFO - [2026-05-29T12:52:58.684+0000] {dag.py:3954} INFO - Setting next_dagrun for train_flight_delay_model to None, run_after=None
[2026-05-29T12:52:58.836+0000] {processor.py:183} INFO - Processing /opt/airflow/dags/train_model_dag.py took 0.673 seconds
[2026-05-29T12:53:29.289+0000] {processor.py:161} INFO - Started process (PID=1330) to work on /opt/airflow/dags/train_model_dag.py
[2026-05-29T12:53:29.296+0000] {processor.py:830} INFO - Processing file /opt/airflow/dags/train_model_dag.py for tasks to queue
[2026-05-29T12:53:29.308+0000] {logging_mixin.py:188} INFO - [2026-05-29T12:53:29.306+0000] {dagbag.py:540} INFO - Filling up the DagBag from /opt/airflow/dags/train_model_dag.py
[2026-05-29T12:53:29.367+0000] {processor.py:840} INFO - DAG(s) 'train_flight_delay_model' retrieved from /opt/airflow/dags/train_model_dag.py
[2026-05-29T12:53:29.474+0000] {logging_mixin.py:188} INFO - [2026-05-29T12:53:29.474+0000] {dag.py:3096} INFO - Sync 1 DAGs
[2026-05-29T12:53:29.537+0000] {logging_mixin.py:188} INFO - [2026-05-29T12:53:29.536+0000] {dag.py:3954} INFO - Setting next_dagrun for train_flight_delay_model to None, run_after=None
[2026-05-29T12:53:29.620+0000] {processor.py:183} INFO - Processing /opt/airflow/dags/train_model_dag.py took 0.406 seconds
[2026-05-29T12:54:01.220+0000] {processor.py:161} INFO - Started process (PID=1331) to work on /opt/airflow/dags/train_model_dag.py
[2026-05-29T12:54:01.286+0000] {processor.py:830} INFO - Processing file /opt/airflow/dags/train_model_dag.py for tasks to queue
[2026-05-29T12:54:01.295+0000] {logging_mixin.py:188} INFO - [2026-05-29T12:54:01.294+0000] {dagbag.py:540} INFO - Filling up the DagBag from /opt/airflow/dags/train_model_dag.py
[2026-05-29T12:54:01.340+0000] {processor.py:840} INFO - DAG(s) 'train_flight_delay_model' retrieved from /opt/airflow/dags/train_model_dag.py
[2026-05-29T12:54:01.431+0000] {logging_mixin.py:188} INFO - [2026-05-29T12:54:01.431+0000] {dag.py:3096} INFO - Sync 1 DAGs
[2026-05-29T12:54:01.477+0000] {logging_mixin.py:188} INFO - [2026-05-29T12:54:01.476+0000] {dag.py:3954} INFO - Setting next_dagrun for train_flight_delay_model to None, run_after=None
[2026-05-29T12:54:01.996+0000] {processor.py:183} INFO - Processing /opt/airflow/dags/train_model_dag.py took 0.794 seconds
[2026-05-29T12:54:32.814+0000] {processor.py:161} INFO - Started process (PID=1332) to work on /opt/airflow/dags/train_model_dag.py
[2026-05-29T12:54:32.815+0000] {processor.py:830} INFO - Processing file /opt/airflow/dags/train_model_dag.py for tasks to queue
[2026-05-29T12:54:32.822+0000] {logging_mixin.py:188} INFO - [2026-05-29T12:54:32.822+0000] {dagbag.py:540} INFO - Filling up the DagBag from /opt/airflow/dags/train_model_dag.py
[2026-05-29T12:54:32.850+0000] {processor.py:840} INFO - DAG(s) 'train_flight_delay_model' retrieved from /opt/airflow/dags/train_model_dag.py
[2026-05-29T12:54:32.917+0000] {logging_mixin.py:188} INFO - [2026-05-29T12:54:32.917+0000] {dag.py:3096} INFO - Sync 1 DAGs
[2026-05-29T12:54:32.957+0000] {logging_mixin.py:188} INFO - [2026-05-29T12:54:32.955+0000] {dag.py:3954} INFO - Setting next_dagrun for train_flight_delay_model to None, run_after=None
[2026-05-29T12:54:33.029+0000] {processor.py:183} INFO - Processing /opt/airflow/dags/train_model_dag.py took 0.233 seconds
[2026-05-29T12:55:03.385+0000] {processor.py:161} INFO - Started process (PID=1333) to work on /opt/airflow/dags/train_model_dag.py
[2026-05-29T12:55:03.389+0000] {processor.py:830} INFO - Processing file /opt/airflow/dags/train_model_dag.py for tasks to queue
[2026-05-29T12:55:03.397+0000] {logging_mixin.py:188} INFO - [2026-05-29T12:55:03.396+0000] {dagbag.py:540} INFO - Filling up the DagBag from /opt/airflow/dags/train_model_dag.py
[2026-05-29T12:55:03.428+0000] {processor.py:840} INFO - DAG(s) 'train_flight_delay_model' retrieved from /opt/airflow/dags/train_model_dag.py
[2026-05-29T12:55:03.501+0000] {logging_mixin.py:188} INFO - [2026-05-29T12:55:03.499+0000] {dag.py:3096} INFO - Sync 1 DAGs
[2026-05-29T12:55:03.539+0000] {logging_mixin.py:188} INFO - [2026-05-29T12:55:03.538+0000] {dag.py:3954} INFO - Setting next_dagrun for train_flight_delay_model to None, run_after=None
[2026-05-29T12:55:03.598+0000] {processor.py:183} INFO - Processing /opt/airflow/dags/train_model_dag.py took 0.231 seconds
[2026-05-29T12:55:33.906+0000] {processor.py:161} INFO - Started process (PID=1334) to work on /opt/airflow/dags/train_model_dag.py
[2026-05-29T12:55:33.910+0000] {processor.py:830} INFO - Processing file /opt/airflow/dags/train_model_dag.py for tasks to queue
[2026-05-29T12:55:33.915+0000] {logging_mixin.py:188} INFO - [2026-05-29T12:55:33.914+0000] {dagbag.py:540} INFO - Filling up the DagBag from /opt/airflow/dags/train_model_dag.py
[2026-05-29T12:55:33.939+0000] {processor.py:840} INFO - DAG(s) 'train_flight_delay_model' retrieved from /opt/airflow/dags/train_model_dag.py
[2026-05-29T12:55:34.002+0000] {logging_mixin.py:188} INFO - [2026-05-29T12:55:34.001+0000] {dag.py:3096} INFO - Sync 1 DAGs
[2026-05-29T12:55:34.033+0000] {logging_mixin.py:188} INFO - [2026-05-29T12:55:34.032+0000] {dag.py:3954} INFO - Setting next_dagrun for train_flight_delay_model to None, run_after=None
[2026-05-29T12:55:34.083+0000] {processor.py:183} INFO - Processing /opt/airflow/dags/train_model_dag.py took 0.191 seconds
[2026-05-29T12:56:04.500+0000] {processor.py:161} INFO - Started process (PID=1335) to work on /opt/airflow/dags/train_model_dag.py
[2026-05-29T12:56:04.503+0000] {processor.py:830} INFO - Processing file /opt/airflow/dags/train_model_dag.py for tasks to queue
[2026-05-29T12:56:04.509+0000] {logging_mixin.py:188} INFO - [2026-05-29T12:56:04.508+0000] {dagbag.py:540} INFO - Filling up the DagBag from /opt/airflow/dags/train_model_dag.py
[2026-05-29T12:56:04.537+0000] {processor.py:840} INFO - DAG(s) 'train_flight_delay_model' retrieved from /opt/airflow/dags/train_model_dag.py
[2026-05-29T12:56:04.588+0000] {logging_mixin.py:188} INFO - [2026-05-29T12:56:04.587+0000] {dag.py:3096} INFO - Sync 1 DAGs
[2026-05-29T12:56:04.616+0000] {logging_mixin.py:188} INFO - [2026-05-29T12:56:04.616+0000] {dag.py:3954} INFO - Setting next_dagrun for train_flight_delay_model to None, run_after=None
[2026-05-29T12:56:04.674+0000] {processor.py:183} INFO - Processing /opt/airflow/dags/train_model_dag.py took 0.196 seconds
[2026-05-29T12:56:35.036+0000] {processor.py:161} INFO - Started process (PID=1336) to work on /opt/airflow/dags/train_model_dag.py
[2026-05-29T12:56:35.106+0000] {processor.py:830} INFO - Processing file /opt/airflow/dags/train_model_dag.py for tasks to queue
[2026-05-29T12:56:35.112+0000] {logging_mixin.py:188} INFO - [2026-05-29T12:56:35.109+0000] {dagbag.py:540} INFO - Filling up the DagBag from /opt/airflow/dags/train_model_dag.py
[2026-05-29T12:56:35.146+0000] {processor.py:840} INFO - DAG(s) 'train_flight_delay_model' retrieved from /opt/airflow/dags/train_model_dag.py
[2026-05-29T12:56:35.203+0000] {logging_mixin.py:188} INFO - [2026-05-29T12:56:35.203+0000] {dag.py:3096} INFO - Sync 1 DAGs
[2026-05-29T12:56:35.233+0000] {logging_mixin.py:188} INFO - [2026-05-29T12:56:35.232+0000] {dag.py:3954} INFO - Setting next_dagrun for train_flight_delay_model to None, run_after=None
[2026-05-29T12:56:35.296+0000] {processor.py:183} INFO - Processing /opt/airflow/dags/train_model_dag.py took 0.285 seconds
[2026-05-29T12:57:06.054+0000] {processor.py:161} INFO - Started process (PID=1337) to work on /opt/airflow/dags/train_model_dag.py
[2026-05-29T12:57:06.061+0000] {processor.py:830} INFO - Processing file /opt/airflow/dags/train_model_dag.py for tasks to queue
[2026-05-29T12:57:06.068+0000] {logging_mixin.py:188} INFO - [2026-05-29T12:57:06.067+0000] {dagbag.py:540} INFO - Filling up the DagBag from /opt/airflow/dags/train_model_dag.py
[2026-05-29T12:57:06.089+0000] {processor.py:840} INFO - DAG(s) 'train_flight_delay_model' retrieved from /opt/airflow/dags/train_model_dag.py
[2026-05-29T12:57:06.139+0000] {logging_mixin.py:188} INFO - [2026-05-29T12:57:06.138+0000] {dag.py:3096} INFO - Sync 1 DAGs
[2026-05-29T12:57:06.166+0000] {logging_mixin.py:188} INFO - [2026-05-29T12:57:06.165+0000] {dag.py:3954} INFO - Setting next_dagrun for train_flight_delay_model to None, run_after=None
[2026-05-29T12:57:06.221+0000] {processor.py:183} INFO - Processing /opt/airflow/dags/train_model_dag.py took 0.190 seconds
[2026-05-29T12:57:37.102+0000] {processor.py:161} INFO - Started process (PID=1338) to work on /opt/airflow/dags/train_model_dag.py
[2026-05-29T12:57:37.127+0000] {processor.py:830} INFO - Processing file /opt/airflow/dags/train_model_dag.py for tasks to queue
[2026-05-29T12:57:37.136+0000] {logging_mixin.py:188} INFO - [2026-05-29T12:57:37.132+0000] {dagbag.py:540} INFO - Filling up the DagBag from /opt/airflow/dags/train_model_dag.py
[2026-05-29T12:57:37.169+0000] {processor.py:840} INFO - DAG(s) 'train_flight_delay_model' retrieved from /opt/airflow/dags/train_model_dag.py
[2026-05-29T12:57:37.242+0000] {logging_mixin.py:188} INFO - [2026-05-29T12:57:37.241+0000] {dag.py:3096} INFO - Sync 1 DAGs
[2026-05-29T12:57:37.274+0000] {logging_mixin.py:188} INFO - [2026-05-29T12:57:37.273+0000] {dag.py:3954} INFO - Setting next_dagrun for train_flight_delay_model to None, run_after=None
[2026-05-29T12:57:37.328+0000] {processor.py:183} INFO - Processing /opt/airflow/dags/train_model_dag.py took 0.246 seconds
[2026-05-29T12:58:08.315+0000] {processor.py:161} INFO - Started process (PID=1339) to work on /opt/airflow/dags/train_model_dag.py
[2026-05-29T12:58:08.317+0000] {processor.py:830} INFO - Processing file /opt/airflow/dags/train_model_dag.py for tasks to queue
[2026-05-29T12:58:08.322+0000] {logging_mixin.py:188} INFO - [2026-05-29T12:58:08.321+0000] {dagbag.py:540} INFO - Filling up the DagBag from /opt/airflow/dags/train_model_dag.py
[2026-05-29T12:58:08.345+0000] {processor.py:840} INFO - DAG(s) 'train_flight_delay_model' retrieved from /opt/airflow/dags/train_model_dag.py
[2026-05-29T12:58:08.404+0000] {logging_mixin.py:188} INFO - [2026-05-29T12:58:08.404+0000] {dag.py:3096} INFO - Sync 1 DAGs
[2026-05-29T12:58:08.450+0000] {logging_mixin.py:188} INFO - [2026-05-29T12:58:08.449+0000] {dag.py:3954} INFO - Setting next_dagrun for train_flight_delay_model to None, run_after=None
[2026-05-29T12:58:08.517+0000] {processor.py:183} INFO - Processing /opt/airflow/dags/train_model_dag.py took 0.223 seconds
[2026-05-29T12:58:39.369+0000] {processor.py:161} INFO - Started process (PID=1340) to work on /opt/airflow/dags/train_model_dag.py
[2026-05-29T12:58:39.389+0000] {processor.py:830} INFO - Processing file /opt/airflow/dags/train_model_dag.py for tasks to queue
[2026-05-29T12:58:39.396+0000] {logging_mixin.py:188} INFO - [2026-05-29T12:58:39.396+0000] {dagbag.py:540} INFO - Filling up the DagBag from /opt/airflow/dags/train_model_dag.py
[2026-05-29T12:58:39.427+0000] {processor.py:840} INFO - DAG(s) 'train_flight_delay_model' retrieved from /opt/airflow/dags/train_model_dag.py
[2026-05-29T12:58:39.488+0000] {logging_mixin.py:188} INFO - [2026-05-29T12:58:39.487+0000] {dag.py:3096} INFO - Sync 1 DAGs
[2026-05-29T12:58:39.519+0000] {logging_mixin.py:188} INFO - [2026-05-29T12:58:39.518+0000] {dag.py:3954} INFO - Setting next_dagrun for train_flight_delay_model to None, run_after=None
[2026-05-29T12:58:39.580+0000] {processor.py:183} INFO - Processing /opt/airflow/dags/train_model_dag.py took 0.248 seconds
[2026-05-29T12:59:09.867+0000] {processor.py:161} INFO - Started process (PID=1341) to work on /opt/airflow/dags/train_model_dag.py
[2026-05-29T12:59:09.873+0000] {processor.py:830} INFO - Processing file /opt/airflow/dags/train_model_dag.py for tasks to queue
[2026-05-29T12:59:09.878+0000] {logging_mixin.py:188} INFO - [2026-05-29T12:59:09.877+0000] {dagbag.py:540} INFO - Filling up the DagBag from /opt/airflow/dags/train_model_dag.py
[2026-05-29T12:59:09.905+0000] {processor.py:840} INFO - DAG(s) 'train_flight_delay_model' retrieved from /opt/airflow/dags/train_model_dag.py
[2026-05-29T12:59:09.970+0000] {logging_mixin.py:188} INFO - [2026-05-29T12:59:09.969+0000] {dag.py:3096} INFO - Sync 1 DAGs
[2026-05-29T12:59:10.006+0000] {logging_mixin.py:188} INFO - [2026-05-29T12:59:10.006+0000] {dag.py:3954} INFO - Setting next_dagrun for train_flight_delay_model to None, run_after=None
[2026-05-29T12:59:10.064+0000] {processor.py:183} INFO - Processing /opt/airflow/dags/train_model_dag.py took 0.219 seconds
[2026-05-29T12:59:40.321+0000] {processor.py:161} INFO - Started process (PID=1342) to work on /opt/airflow/dags/train_model_dag.py
[2026-05-29T12:59:40.324+0000] {processor.py:830} INFO - Processing file /opt/airflow/dags/train_model_dag.py for tasks to queue
[2026-05-29T12:59:40.330+0000] {logging_mixin.py:188} INFO - [2026-05-29T12:59:40.329+0000] {dagbag.py:540} INFO - Filling up the DagBag from /opt/airflow/dags/train_model_dag.py
[2026-05-29T12:59:40.364+0000] {processor.py:840} INFO - DAG(s) 'train_flight_delay_model' retrieved from /opt/airflow/dags/train_model_dag.py
[2026-05-29T12:59:40.434+0000] {logging_mixin.py:188} INFO - [2026-05-29T12:59:40.434+0000] {dag.py:3096} INFO - Sync 1 DAGs
[2026-05-29T12:59:40.467+0000] {logging_mixin.py:188} INFO - [2026-05-29T12:59:40.466+0000] {dag.py:3954} INFO - Setting next_dagrun for train_flight_delay_model to None, run_after=None
[2026-05-29T12:59:40.522+0000] {processor.py:183} INFO - Processing /opt/airflow/dags/train_model_dag.py took 0.227 seconds
[2026-05-29T13:00:10.841+0000] {processor.py:161} INFO - Started process (PID=1343) to work on /opt/airflow/dags/train_model_dag.py
[2026-05-29T13:00:10.843+0000] {processor.py:830} INFO - Processing file /opt/airflow/dags/train_model_dag.py for tasks to queue
[2026-05-29T13:00:10.847+0000] {logging_mixin.py:188} INFO - [2026-05-29T13:00:10.846+0000] {dagbag.py:540} INFO - Filling up the DagBag from /opt/airflow/dags/train_model_dag.py
[2026-05-29T13:00:10.868+0000] {processor.py:840} INFO - DAG(s) 'train_flight_delay_model' retrieved from /opt/airflow/dags/train_model_dag.py
[2026-05-29T13:00:10.925+0000] {logging_mixin.py:188} INFO - [2026-05-29T13:00:10.924+0000] {dag.py:3096} INFO - Sync 1 DAGs
[2026-05-29T13:00:10.957+0000] {logging_mixin.py:188} INFO - [2026-05-29T13:00:10.957+0000] {dag.py:3954} INFO - Setting next_dagrun for train_flight_delay_model to None, run_after=None
[2026-05-29T13:00:11.015+0000] {processor.py:183} INFO - Processing /opt/airflow/dags/train_model_dag.py took 0.189 seconds
[2026-05-29T13:00:41.395+0000] {processor.py:161} INFO - Started process (PID=1344) to work on /opt/airflow/dags/train_model_dag.py
[2026-05-29T13:00:41.401+0000] {processor.py:830} INFO - Processing file /opt/airflow/dags/train_model_dag.py for tasks to queue
[2026-05-29T13:00:41.409+0000] {logging_mixin.py:188} INFO - [2026-05-29T13:00:41.408+0000] {dagbag.py:540} INFO - Filling up the DagBag from /opt/airflow/dags/train_model_dag.py
[2026-05-29T13:00:41.444+0000] {processor.py:840} INFO - DAG(s) 'train_flight_delay_model' retrieved from /opt/airflow/dags/train_model_dag.py
[2026-05-29T13:00:41.518+0000] {logging_mixin.py:188} INFO - [2026-05-29T13:00:41.517+0000] {dag.py:3096} INFO - Sync 1 DAGs
[2026-05-29T13:00:41.554+0000] {logging_mixin.py:188} INFO - [2026-05-29T13:00:41.553+0000] {dag.py:3954} INFO - Setting next_dagrun for train_flight_delay_model to None, run_after=None
[2026-05-29T13:00:41.617+0000] {processor.py:183} INFO - Processing /opt/airflow/dags/train_model_dag.py took 0.253 seconds
[2026-05-29T13:01:11.982+0000] {processor.py:161} INFO - Started process (PID=1345) to work on /opt/airflow/dags/train_model_dag.py
[2026-05-29T13:01:11.986+0000] {processor.py:830} INFO - Processing file /opt/airflow/dags/train_model_dag.py for tasks to queue
[2026-05-29T13:01:11.992+0000] {logging_mixin.py:188} INFO - [2026-05-29T13:01:11.991+0000] {dagbag.py:540} INFO - Filling up the DagBag from /opt/airflow/dags/train_model_dag.py
[2026-05-29T13:01:12.012+0000] {processor.py:840} INFO - DAG(s) 'train_flight_delay_model' retrieved from /opt/airflow/dags/train_model_dag.py
[2026-05-29T13:01:12.063+0000] {logging_mixin.py:188} INFO - [2026-05-29T13:01:12.062+0000] {dag.py:3096} INFO - Sync 1 DAGs
[2026-05-29T13:01:12.094+0000] {logging_mixin.py:188} INFO - [2026-05-29T13:01:12.093+0000] {dag.py:3954} INFO - Setting next_dagrun for train_flight_delay_model to None, run_after=None
[2026-05-29T13:01:12.147+0000] {processor.py:183} INFO - Processing /opt/airflow/dags/train_model_dag.py took 0.185 seconds
[2026-05-29T13:01:42.565+0000] {processor.py:161} INFO - Started process (PID=1346) to work on /opt/airflow/dags/train_model_dag.py
[2026-05-29T13:01:42.569+0000] {processor.py:830} INFO - Processing file /opt/airflow/dags/train_model_dag.py for tasks to queue
[2026-05-29T13:01:42.577+0000] {logging_mixin.py:188} INFO - [2026-05-29T13:01:42.576+0000] {dagbag.py:540} INFO - Filling up the DagBag from /opt/airflow/dags/train_model_dag.py
[2026-05-29T13:01:42.597+0000] {processor.py:840} INFO - DAG(s) 'train_flight_delay_model' retrieved from /opt/airflow/dags/train_model_dag.py
[2026-05-29T13:01:42.648+0000] {logging_mixin.py:188} INFO - [2026-05-29T13:01:42.648+0000] {dag.py:3096} INFO - Sync 1 DAGs
[2026-05-29T13:01:42.677+0000] {logging_mixin.py:188} INFO - [2026-05-29T13:01:42.676+0000] {dag.py:3954} INFO - Setting next_dagrun for train_flight_delay_model to None, run_after=None
[2026-05-29T13:01:42.732+0000] {processor.py:183} INFO - Processing /opt/airflow/dags/train_model_dag.py took 0.191 seconds
[2026-05-29T13:02:13.170+0000] {processor.py:161} INFO - Started process (PID=1347) to work on /opt/airflow/dags/train_model_dag.py
[2026-05-29T13:02:13.172+0000] {processor.py:830} INFO - Processing file /opt/airflow/dags/train_model_dag.py for tasks to queue
[2026-05-29T13:02:13.176+0000] {logging_mixin.py:188} INFO - [2026-05-29T13:02:13.175+0000] {dagbag.py:540} INFO - Filling up the DagBag from /opt/airflow/dags/train_model_dag.py
[2026-05-29T13:02:13.204+0000] {processor.py:840} INFO - DAG(s) 'train_flight_delay_model' retrieved from /opt/airflow/dags/train_model_dag.py
[2026-05-29T13:02:13.254+0000] {logging_mixin.py:188} INFO - [2026-05-29T13:02:13.254+0000] {dag.py:3096} INFO - Sync 1 DAGs
[2026-05-29T13:02:13.284+0000] {logging_mixin.py:188} INFO - [2026-05-29T13:02:13.284+0000] {dag.py:3954} INFO - Setting next_dagrun for train_flight_delay_model to None, run_after=None
[2026-05-29T13:02:13.339+0000] {processor.py:183} INFO - Processing /opt/airflow/dags/train_model_dag.py took 0.188 seconds
[2026-05-29T13:02:43.666+0000] {processor.py:161} INFO - Started process (PID=1348) to work on /opt/airflow/dags/train_model_dag.py
[2026-05-29T13:02:43.669+0000] {processor.py:830} INFO - Processing file /opt/airflow/dags/train_model_dag.py for tasks to queue
[2026-05-29T13:02:43.680+0000] {logging_mixin.py:188} INFO - [2026-05-29T13:02:43.679+0000] {dagbag.py:540} INFO - Filling up the DagBag from /opt/airflow/dags/train_model_dag.py
[2026-05-29T13:02:43.711+0000] {processor.py:840} INFO - DAG(s) 'train_flight_delay_model' retrieved from /opt/airflow/dags/train_model_dag.py
[2026-05-29T13:02:43.766+0000] {logging_mixin.py:188} INFO - [2026-05-29T13:02:43.765+0000] {dag.py:3096} INFO - Sync 1 DAGs
[2026-05-29T13:02:43.802+0000] {logging_mixin.py:188} INFO - [2026-05-29T13:02:43.802+0000] {dag.py:3954} INFO - Setting next_dagrun for train_flight_delay_model to None, run_after=None
[2026-05-29T13:02:43.862+0000] {processor.py:183} INFO - Processing /opt/airflow/dags/train_model_dag.py took 0.226 seconds
[2026-05-29T13:03:14.238+0000] {processor.py:161} INFO - Started process (PID=1349) to work on /opt/airflow/dags/train_model_dag.py
[2026-05-29T13:03:14.240+0000] {processor.py:830} INFO - Processing file /opt/airflow/dags/train_model_dag.py for tasks to queue
[2026-05-29T13:03:14.250+0000] {logging_mixin.py:188} INFO - [2026-05-29T13:03:14.248+0000] {dagbag.py:540} INFO - Filling up the DagBag from /opt/airflow/dags/train_model_dag.py
[2026-05-29T13:03:14.283+0000] {processor.py:840} INFO - DAG(s) 'train_flight_delay_model' retrieved from /opt/airflow/dags/train_model_dag.py
[2026-05-29T13:03:14.360+0000] {logging_mixin.py:188} INFO - [2026-05-29T13:03:14.360+0000] {dag.py:3096} INFO - Sync 1 DAGs
[2026-05-29T13:03:14.399+0000] {logging_mixin.py:188} INFO - [2026-05-29T13:03:14.399+0000] {dag.py:3954} INFO - Setting next_dagrun for train_flight_delay_model to None, run_after=None
[2026-05-29T13:03:14.468+0000] {processor.py:183} INFO - Processing /opt/airflow/dags/train_model_dag.py took 0.263 seconds
[2026-05-29T13:03:44.945+0000] {processor.py:161} INFO - Started process (PID=1350) to work on /opt/airflow/dags/train_model_dag.py
[2026-05-29T13:03:44.979+0000] {processor.py:830} INFO - Processing file /opt/airflow/dags/train_model_dag.py for tasks to queue
[2026-05-29T13:03:44.997+0000] {logging_mixin.py:188} INFO - [2026-05-29T13:03:44.993+0000] {dagbag.py:540} INFO - Filling up the DagBag from /opt/airflow/dags/train_model_dag.py
[2026-05-29T13:03:45.057+0000] {processor.py:840} INFO - DAG(s) 'train_flight_delay_model' retrieved from /opt/airflow/dags/train_model_dag.py
[2026-05-29T13:03:45.175+0000] {logging_mixin.py:188} INFO - [2026-05-29T13:03:45.174+0000] {dag.py:3096} INFO - Sync 1 DAGs
[2026-05-29T13:03:45.222+0000] {logging_mixin.py:188} INFO - [2026-05-29T13:03:45.221+0000] {dag.py:3954} INFO - Setting next_dagrun for train_flight_delay_model to None, run_after=None
[2026-05-29T13:03:45.301+0000] {processor.py:183} INFO - Processing /opt/airflow/dags/train_model_dag.py took 0.406 seconds
[2026-05-29T13:04:15.636+0000] {processor.py:161} INFO - Started process (PID=1351) to work on /opt/airflow/dags/train_model_dag.py
[2026-05-29T13:04:15.640+0000] {processor.py:830} INFO - Processing file /opt/airflow/dags/train_model_dag.py for tasks to queue
[2026-05-29T13:04:15.648+0000] {logging_mixin.py:188} INFO - [2026-05-29T13:04:15.645+0000] {dagbag.py:540} INFO - Filling up the DagBag from /opt/airflow/dags/train_model_dag.py
[2026-05-29T13:04:15.677+0000] {processor.py:840} INFO - DAG(s) 'train_flight_delay_model' retrieved from /opt/airflow/dags/train_model_dag.py
[2026-05-29T13:04:15.732+0000] {logging_mixin.py:188} INFO - [2026-05-29T13:04:15.731+0000] {dag.py:3096} INFO - Sync 1 DAGs
[2026-05-29T13:04:15.762+0000] {logging_mixin.py:188} INFO - [2026-05-29T13:04:15.762+0000] {dag.py:3954} INFO - Setting next_dagrun for train_flight_delay_model to None, run_after=None
[2026-05-29T13:04:15.810+0000] {processor.py:183} INFO - Processing /opt/airflow/dags/train_model_dag.py took 0.200 seconds
[2026-05-29T13:04:46.141+0000] {processor.py:161} INFO - Started process (PID=1352) to work on /opt/airflow/dags/train_model_dag.py
[2026-05-29T13:04:46.143+0000] {processor.py:830} INFO - Processing file /opt/airflow/dags/train_model_dag.py for tasks to queue
[2026-05-29T13:04:46.147+0000] {logging_mixin.py:188} INFO - [2026-05-29T13:04:46.146+0000] {dagbag.py:540} INFO - Filling up the DagBag from /opt/airflow/dags/train_model_dag.py
[2026-05-29T13:04:46.167+0000] {processor.py:840} INFO - DAG(s) 'train_flight_delay_model' retrieved from /opt/airflow/dags/train_model_dag.py
[2026-05-29T13:04:46.217+0000] {logging_mixin.py:188} INFO - [2026-05-29T13:04:46.216+0000] {dag.py:3096} INFO - Sync 1 DAGs
[2026-05-29T13:04:46.245+0000] {logging_mixin.py:188} INFO - [2026-05-29T13:04:46.245+0000] {dag.py:3954} INFO - Setting next_dagrun for train_flight_delay_model to None, run_after=None
[2026-05-29T13:04:46.296+0000] {processor.py:183} INFO - Processing /opt/airflow/dags/train_model_dag.py took 0.172 seconds
[2026-05-29T13:05:16.592+0000] {processor.py:161} INFO - Started process (PID=1353) to work on /opt/airflow/dags/train_model_dag.py
[2026-05-29T13:05:16.597+0000] {processor.py:830} INFO - Processing file /opt/airflow/dags/train_model_dag.py for tasks to queue
[2026-05-29T13:05:16.602+0000] {logging_mixin.py:188} INFO - [2026-05-29T13:05:16.601+0000] {dagbag.py:540} INFO - Filling up the DagBag from /opt/airflow/dags/train_model_dag.py
[2026-05-29T13:05:16.623+0000] {processor.py:840} INFO - DAG(s) 'train_flight_delay_model' retrieved from /opt/airflow/dags/train_model_dag.py
[2026-05-29T13:05:16.676+0000] {logging_mixin.py:188} INFO - [2026-05-29T13:05:16.675+0000] {dag.py:3096} INFO - Sync 1 DAGs
[2026-05-29T13:05:16.706+0000] {logging_mixin.py:188} INFO - [2026-05-29T13:05:16.705+0000] {dag.py:3954} INFO - Setting next_dagrun for train_flight_delay_model to None, run_after=None
[2026-05-29T13:05:16.760+0000] {processor.py:183} INFO - Processing /opt/airflow/dags/train_model_dag.py took 0.187 seconds
[2026-05-29T13:05:47.077+0000] {processor.py:161} INFO - Started process (PID=1354) to work on /opt/airflow/dags/train_model_dag.py
[2026-05-29T13:05:47.082+0000] {processor.py:830} INFO - Processing file /opt/airflow/dags/train_model_dag.py for tasks to queue
[2026-05-29T13:05:47.088+0000] {logging_mixin.py:188} INFO - [2026-05-29T13:05:47.086+0000] {dagbag.py:540} INFO - Filling up the DagBag from /opt/airflow/dags/train_model_dag.py
[2026-05-29T13:05:47.121+0000] {processor.py:840} INFO - DAG(s) 'train_flight_delay_model' retrieved from /opt/airflow/dags/train_model_dag.py
[2026-05-29T13:05:47.174+0000] {logging_mixin.py:188} INFO - [2026-05-29T13:05:47.173+0000] {dag.py:3096} INFO - Sync 1 DAGs
[2026-05-29T13:05:47.209+0000] {logging_mixin.py:188} INFO - [2026-05-29T13:05:47.209+0000] {dag.py:3954} INFO - Setting next_dagrun for train_flight_delay_model to None, run_after=None
[2026-05-29T13:05:47.277+0000] {processor.py:183} INFO - Processing /opt/airflow/dags/train_model_dag.py took 0.225 seconds
[2026-05-29T13:06:17.637+0000] {processor.py:161} INFO - Started process (PID=1355) to work on /opt/airflow/dags/train_model_dag.py
[2026-05-29T13:06:17.641+0000] {processor.py:830} INFO - Processing file /opt/airflow/dags/train_model_dag.py for tasks to queue
[2026-05-29T13:06:17.645+0000] {logging_mixin.py:188} INFO - [2026-05-29T13:06:17.644+0000] {dagbag.py:540} INFO - Filling up the DagBag from /opt/airflow/dags/train_model_dag.py
[2026-05-29T13:06:17.672+0000] {processor.py:840} INFO - DAG(s) 'train_flight_delay_model' retrieved from /opt/airflow/dags/train_model_dag.py
[2026-05-29T13:06:17.737+0000] {logging_mixin.py:188} INFO - [2026-05-29T13:06:17.733+0000] {dag.py:3096} INFO - Sync 1 DAGs
[2026-05-29T13:06:17.773+0000] {logging_mixin.py:188} INFO - [2026-05-29T13:06:17.771+0000] {dag.py:3954} INFO - Setting next_dagrun for train_flight_delay_model to None, run_after=None
[2026-05-29T13:06:17.844+0000] {processor.py:183} INFO - Processing /opt/airflow/dags/train_model_dag.py took 0.227 seconds
[2026-05-29T13:06:48.205+0000] {processor.py:161} INFO - Started process (PID=1356) to work on /opt/airflow/dags/train_model_dag.py
[2026-05-29T13:06:48.208+0000] {processor.py:830} INFO - Processing file /opt/airflow/dags/train_model_dag.py for tasks to queue
[2026-05-29T13:06:48.215+0000] {logging_mixin.py:188} INFO - [2026-05-29T13:06:48.212+0000] {dagbag.py:540} INFO - Filling up the DagBag from /opt/airflow/dags/train_model_dag.py
[2026-05-29T13:06:48.243+0000] {processor.py:840} INFO - DAG(s) 'train_flight_delay_model' retrieved from /opt/airflow/dags/train_model_dag.py
[2026-05-29T13:06:48.316+0000] {logging_mixin.py:188} INFO - [2026-05-29T13:06:48.315+0000] {dag.py:3096} INFO - Sync 1 DAGs
[2026-05-29T13:06:48.352+0000] {logging_mixin.py:188} INFO - [2026-05-29T13:06:48.352+0000] {dag.py:3954} INFO - Setting next_dagrun for train_flight_delay_model to None, run_after=None
[2026-05-29T13:06:48.419+0000] {processor.py:183} INFO - Processing /opt/airflow/dags/train_model_dag.py took 0.235 seconds
[2026-05-29T13:07:18.776+0000] {processor.py:161} INFO - Started process (PID=1357) to work on /opt/airflow/dags/train_model_dag.py
[2026-05-29T13:07:18.802+0000] {processor.py:830} INFO - Processing file /opt/airflow/dags/train_model_dag.py for tasks to queue
[2026-05-29T13:07:18.808+0000] {logging_mixin.py:188} INFO - [2026-05-29T13:07:18.807+0000] {dagbag.py:540} INFO - Filling up the DagBag from /opt/airflow/dags/train_model_dag.py
[2026-05-29T13:07:18.835+0000] {processor.py:840} INFO - DAG(s) 'train_flight_delay_model' retrieved from /opt/airflow/dags/train_model_dag.py
[2026-05-29T13:07:18.893+0000] {logging_mixin.py:188} INFO - [2026-05-29T13:07:18.893+0000] {dag.py:3096} INFO - Sync 1 DAGs
[2026-05-29T13:07:18.929+0000] {logging_mixin.py:188} INFO - [2026-05-29T13:07:18.929+0000] {dag.py:3954} INFO - Setting next_dagrun for train_flight_delay_model to None, run_after=None
[2026-05-29T13:07:18.977+0000] {processor.py:183} INFO - Processing /opt/airflow/dags/train_model_dag.py took 0.223 seconds
[2026-05-29T13:07:49.254+0000] {processor.py:161} INFO - Started process (PID=1358) to work on /opt/airflow/dags/train_model_dag.py
[2026-05-29T13:07:49.258+0000] {processor.py:830} INFO - Processing file /opt/airflow/dags/train_model_dag.py for tasks to queue
[2026-05-29T13:07:49.267+0000] {logging_mixin.py:188} INFO - [2026-05-29T13:07:49.261+0000] {dagbag.py:540} INFO - Filling up the DagBag from /opt/airflow/dags/train_model_dag.py
[2026-05-29T13:07:49.299+0000] {processor.py:840} INFO - DAG(s) 'train_flight_delay_model' retrieved from /opt/airflow/dags/train_model_dag.py
[2026-05-29T13:07:49.356+0000] {logging_mixin.py:188} INFO - [2026-05-29T13:07:49.356+0000] {dag.py:3096} INFO - Sync 1 DAGs
[2026-05-29T13:07:49.385+0000] {logging_mixin.py:188} INFO - [2026-05-29T13:07:49.385+0000] {dag.py:3954} INFO - Setting next_dagrun for train_flight_delay_model to None, run_after=None
[2026-05-29T13:07:49.447+0000] {processor.py:183} INFO - Processing /opt/airflow/dags/train_model_dag.py took 0.215 seconds
[2026-05-29T13:08:19.767+0000] {processor.py:161} INFO - Started process (PID=1359) to work on /opt/airflow/dags/train_model_dag.py
[2026-05-29T13:08:19.770+0000] {processor.py:830} INFO - Processing file /opt/airflow/dags/train_model_dag.py for tasks to queue
[2026-05-29T13:08:19.776+0000] {logging_mixin.py:188} INFO - [2026-05-29T13:08:19.775+0000] {dagbag.py:540} INFO - Filling up the DagBag from /opt/airflow/dags/train_model_dag.py
[2026-05-29T13:08:19.799+0000] {processor.py:840} INFO - DAG(s) 'train_flight_delay_model' retrieved from /opt/airflow/dags/train_model_dag.py
[2026-05-29T13:08:19.853+0000] {logging_mixin.py:188} INFO - [2026-05-29T13:08:19.853+0000] {dag.py:3096} INFO - Sync 1 DAGs
[2026-05-29T13:08:19.889+0000] {logging_mixin.py:188} INFO - [2026-05-29T13:08:19.888+0000] {dag.py:3954} INFO - Setting next_dagrun for train_flight_delay_model to None, run_after=None
[2026-05-29T13:08:19.943+0000] {processor.py:183} INFO - Processing /opt/airflow/dags/train_model_dag.py took 0.202 seconds
[2026-05-29T13:08:50.230+0000] {processor.py:161} INFO - Started process (PID=1360) to work on /opt/airflow/dags/train_model_dag.py
[2026-05-29T13:08:50.234+0000] {processor.py:830} INFO - Processing file /opt/airflow/dags/train_model_dag.py for tasks to queue
[2026-05-29T13:08:50.238+0000] {logging_mixin.py:188} INFO - [2026-05-29T13:08:50.238+0000] {dagbag.py:540} INFO - Filling up the DagBag from /opt/airflow/dags/train_model_dag.py
[2026-05-29T13:08:50.270+0000] {processor.py:840} INFO - DAG(s) 'train_flight_delay_model' retrieved from /opt/airflow/dags/train_model_dag.py
[2026-05-29T13:08:50.319+0000] {logging_mixin.py:188} INFO - [2026-05-29T13:08:50.318+0000] {dag.py:3096} INFO - Sync 1 DAGs
[2026-05-29T13:08:50.347+0000] {logging_mixin.py:188} INFO - [2026-05-29T13:08:50.346+0000] {dag.py:3954} INFO - Setting next_dagrun for train_flight_delay_model to None, run_after=None
[2026-05-29T13:08:50.414+0000] {processor.py:183} INFO - Processing /opt/airflow/dags/train_model_dag.py took 0.204 seconds
[2026-05-29T13:09:20.739+0000] {processor.py:161} INFO - Started process (PID=1361) to work on /opt/airflow/dags/train_model_dag.py
[2026-05-29T13:09:20.744+0000] {processor.py:830} INFO - Processing file /opt/airflow/dags/train_model_dag.py for tasks to queue
[2026-05-29T13:09:20.752+0000] {logging_mixin.py:188} INFO - [2026-05-29T13:09:20.750+0000] {dagbag.py:540} INFO - Filling up the DagBag from /opt/airflow/dags/train_model_dag.py
[2026-05-29T13:09:20.792+0000] {processor.py:840} INFO - DAG(s) 'train_flight_delay_model' retrieved from /opt/airflow/dags/train_model_dag.py
[2026-05-29T13:09:20.887+0000] {logging_mixin.py:188} INFO - [2026-05-29T13:09:20.887+0000] {dag.py:3096} INFO - Sync 1 DAGs
[2026-05-29T13:09:20.935+0000] {logging_mixin.py:188} INFO - [2026-05-29T13:09:20.934+0000] {dag.py:3954} INFO - Setting next_dagrun for train_flight_delay_model to None, run_after=None
[2026-05-29T13:09:21.001+0000] {processor.py:183} INFO - Processing /opt/airflow/dags/train_model_dag.py took 0.296 seconds
[2026-05-29T13:09:51.356+0000] {processor.py:161} INFO - Started process (PID=1362) to work on /opt/airflow/dags/train_model_dag.py
[2026-05-29T13:09:51.386+0000] {processor.py:830} INFO - Processing file /opt/airflow/dags/train_model_dag.py for tasks to queue
[2026-05-29T13:09:51.392+0000] {logging_mixin.py:188} INFO - [2026-05-29T13:09:51.391+0000] {dagbag.py:540} INFO - Filling up the DagBag from /opt/airflow/dags/train_model_dag.py
[2026-05-29T13:09:51.422+0000] {processor.py:840} INFO - DAG(s) 'train_flight_delay_model' retrieved from /opt/airflow/dags/train_model_dag.py
[2026-05-29T13:09:51.501+0000] {logging_mixin.py:188} INFO - [2026-05-29T13:09:51.501+0000] {dag.py:3096} INFO - Sync 1 DAGs
[2026-05-29T13:09:51.532+0000] {logging_mixin.py:188} INFO - [2026-05-29T13:09:51.531+0000] {dag.py:3954} INFO - Setting next_dagrun for train_flight_delay_model to None, run_after=None
[2026-05-29T13:09:51.596+0000] {processor.py:183} INFO - Processing /opt/airflow/dags/train_model_dag.py took 0.267 seconds
[2026-05-29T13:10:21.875+0000] {processor.py:161} INFO - Started process (PID=1363) to work on /opt/airflow/dags/train_model_dag.py
[2026-05-29T13:10:21.878+0000] {processor.py:830} INFO - Processing file /opt/airflow/dags/train_model_dag.py for tasks to queue
[2026-05-29T13:10:21.884+0000] {logging_mixin.py:188} INFO - [2026-05-29T13:10:21.883+0000] {dagbag.py:540} INFO - Filling up the DagBag from /opt/airflow/dags/train_model_dag.py
[2026-05-29T13:10:21.916+0000] {processor.py:840} INFO - DAG(s) 'train_flight_delay_model' retrieved from /opt/airflow/dags/train_model_dag.py
[2026-05-29T13:10:21.990+0000] {logging_mixin.py:188} INFO - [2026-05-29T13:10:21.989+0000] {dag.py:3096} INFO - Sync 1 DAGs
[2026-05-29T13:10:22.033+0000] {logging_mixin.py:188} INFO - [2026-05-29T13:10:22.032+0000] {dag.py:3954} INFO - Setting next_dagrun for train_flight_delay_model to None, run_after=None
[2026-05-29T13:10:22.101+0000] {processor.py:183} INFO - Processing /opt/airflow/dags/train_model_dag.py took 0.256 seconds
[2026-05-29T13:10:52.348+0000] {processor.py:161} INFO - Started process (PID=1364) to work on /opt/airflow/dags/train_model_dag.py
[2026-05-29T13:10:52.410+0000] {processor.py:830} INFO - Processing file /opt/airflow/dags/train_model_dag.py for tasks to queue
[2026-05-29T13:10:52.418+0000] {logging_mixin.py:188} INFO - [2026-05-29T13:10:52.417+0000] {dagbag.py:540} INFO - Filling up the DagBag from /opt/airflow/dags/train_model_dag.py
[2026-05-29T13:10:52.446+0000] {processor.py:840} INFO - DAG(s) 'train_flight_delay_model' retrieved from /opt/airflow/dags/train_model_dag.py
[2026-05-29T13:10:52.502+0000] {logging_mixin.py:188} INFO - [2026-05-29T13:10:52.502+0000] {dag.py:3096} INFO - Sync 1 DAGs
[2026-05-29T13:10:52.534+0000] {logging_mixin.py:188} INFO - [2026-05-29T13:10:52.533+0000] {dag.py:3954} INFO - Setting next_dagrun for train_flight_delay_model to None, run_after=None
[2026-05-29T13:10:52.597+0000] {processor.py:183} INFO - Processing /opt/airflow/dags/train_model_dag.py took 0.263 seconds
[2026-05-29T13:11:22.829+0000] {processor.py:161} INFO - Started process (PID=1365) to work on /opt/airflow/dags/train_model_dag.py
[2026-05-29T13:11:22.831+0000] {processor.py:830} INFO - Processing file /opt/airflow/dags/train_model_dag.py for tasks to queue
[2026-05-29T13:11:22.837+0000] {logging_mixin.py:188} INFO - [2026-05-29T13:11:22.836+0000] {dagbag.py:540} INFO - Filling up the DagBag from /opt/airflow/dags/train_model_dag.py
[2026-05-29T13:11:22.869+0000] {processor.py:840} INFO - DAG(s) 'train_flight_delay_model' retrieved from /opt/airflow/dags/train_model_dag.py
[2026-05-29T13:11:22.920+0000] {logging_mixin.py:188} INFO - [2026-05-29T13:11:22.919+0000] {dag.py:3096} INFO - Sync 1 DAGs
[2026-05-29T13:11:22.951+0000] {logging_mixin.py:188} INFO - [2026-05-29T13:11:22.951+0000] {dag.py:3954} INFO - Setting next_dagrun for train_flight_delay_model to None, run_after=None
[2026-05-29T13:11:23.009+0000] {processor.py:183} INFO - Processing /opt/airflow/dags/train_model_dag.py took 0.203 seconds
[2026-05-29T13:11:53.292+0000] {processor.py:161} INFO - Started process (PID=1366) to work on /opt/airflow/dags/train_model_dag.py
[2026-05-29T13:11:53.294+0000] {processor.py:830} INFO - Processing file /opt/airflow/dags/train_model_dag.py for tasks to queue
[2026-05-29T13:11:53.299+0000] {logging_mixin.py:188} INFO - [2026-05-29T13:11:53.298+0000] {dagbag.py:540} INFO - Filling up the DagBag from /opt/airflow/dags/train_model_dag.py
[2026-05-29T13:11:53.320+0000] {processor.py:840} INFO - DAG(s) 'train_flight_delay_model' retrieved from /opt/airflow/dags/train_model_dag.py
[2026-05-29T13:11:53.370+0000] {logging_mixin.py:188} INFO - [2026-05-29T13:11:53.369+0000] {dag.py:3096} INFO - Sync 1 DAGs
[2026-05-29T13:11:53.402+0000] {logging_mixin.py:188} INFO - [2026-05-29T13:11:53.401+0000] {dag.py:3954} INFO - Setting next_dagrun for train_flight_delay_model to None, run_after=None
[2026-05-29T13:11:53.461+0000] {processor.py:183} INFO - Processing /opt/airflow/dags/train_model_dag.py took 0.184 seconds
[2026-05-29T13:12:23.700+0000] {processor.py:161} INFO - Started process (PID=1367) to work on /opt/airflow/dags/train_model_dag.py
[2026-05-29T13:12:23.708+0000] {processor.py:830} INFO - Processing file /opt/airflow/dags/train_model_dag.py for tasks to queue
[2026-05-29T13:12:23.716+0000] {logging_mixin.py:188} INFO - [2026-05-29T13:12:23.715+0000] {dagbag.py:540} INFO - Filling up the DagBag from /opt/airflow/dags/train_model_dag.py
[2026-05-29T13:12:23.742+0000] {processor.py:840} INFO - DAG(s) 'train_flight_delay_model' retrieved from /opt/airflow/dags/train_model_dag.py
[2026-05-29T13:12:23.809+0000] {logging_mixin.py:188} INFO - [2026-05-29T13:12:23.808+0000] {dag.py:3096} INFO - Sync 1 DAGs
[2026-05-29T13:12:23.837+0000] {logging_mixin.py:188} INFO - [2026-05-29T13:12:23.837+0000] {dag.py:3954} INFO - Setting next_dagrun for train_flight_delay_model to None, run_after=None
[2026-05-29T13:12:23.899+0000] {processor.py:183} INFO - Processing /opt/airflow/dags/train_model_dag.py took 0.225 seconds
[2026-05-29T13:12:54.148+0000] {processor.py:161} INFO - Started process (PID=1368) to work on /opt/airflow/dags/train_model_dag.py
[2026-05-29T13:12:54.150+0000] {processor.py:830} INFO - Processing file /opt/airflow/dags/train_model_dag.py for tasks to queue
[2026-05-29T13:12:54.153+0000] {logging_mixin.py:188} INFO - [2026-05-29T13:12:54.153+0000] {dagbag.py:540} INFO - Filling up the DagBag from /opt/airflow/dags/train_model_dag.py
[2026-05-29T13:12:54.182+0000] {processor.py:840} INFO - DAG(s) 'train_flight_delay_model' retrieved from /opt/airflow/dags/train_model_dag.py
[2026-05-29T13:12:54.242+0000] {logging_mixin.py:188} INFO - [2026-05-29T13:12:54.241+0000] {dag.py:3096} INFO - Sync 1 DAGs
[2026-05-29T13:12:54.272+0000] {logging_mixin.py:188} INFO - [2026-05-29T13:12:54.271+0000] {dag.py:3954} INFO - Setting next_dagrun for train_flight_delay_model to None, run_after=None
[2026-05-29T13:12:54.314+0000] {processor.py:183} INFO - Processing /opt/airflow/dags/train_model_dag.py took 0.180 seconds
[2026-05-29T13:13:24.456+0000] {processor.py:161} INFO - Started process (PID=1369) to work on /opt/airflow/dags/train_model_dag.py
[2026-05-29T13:13:24.463+0000] {processor.py:830} INFO - Processing file /opt/airflow/dags/train_model_dag.py for tasks to queue
[2026-05-29T13:13:24.471+0000] {logging_mixin.py:188} INFO - [2026-05-29T13:13:24.470+0000] {dagbag.py:540} INFO - Filling up the DagBag from /opt/airflow/dags/train_model_dag.py
[2026-05-29T13:13:24.498+0000] {processor.py:840} INFO - DAG(s) 'train_flight_delay_model' retrieved from /opt/airflow/dags/train_model_dag.py
[2026-05-29T13:13:24.546+0000] {logging_mixin.py:188} INFO - [2026-05-29T13:13:24.546+0000] {dag.py:3096} INFO - Sync 1 DAGs
[2026-05-29T13:13:24.574+0000] {logging_mixin.py:188} INFO - [2026-05-29T13:13:24.573+0000] {dag.py:3954} INFO - Setting next_dagrun for train_flight_delay_model to None, run_after=None
[2026-05-29T13:13:24.629+0000] {processor.py:183} INFO - Processing /opt/airflow/dags/train_model_dag.py took 0.189 seconds
[2026-05-29T13:13:54.918+0000] {processor.py:161} INFO - Started process (PID=1370) to work on /opt/airflow/dags/train_model_dag.py
[2026-05-29T13:13:54.927+0000] {processor.py:830} INFO - Processing file /opt/airflow/dags/train_model_dag.py for tasks to queue
[2026-05-29T13:13:54.960+0000] {logging_mixin.py:188} INFO - [2026-05-29T13:13:54.955+0000] {dagbag.py:540} INFO - Filling up the DagBag from /opt/airflow/dags/train_model_dag.py
[2026-05-29T13:13:55.032+0000] {processor.py:840} INFO - DAG(s) 'train_flight_delay_model' retrieved from /opt/airflow/dags/train_model_dag.py
[2026-05-29T13:13:55.247+0000] {logging_mixin.py:188} INFO - [2026-05-29T13:13:55.246+0000] {dag.py:3096} INFO - Sync 1 DAGs
[2026-05-29T13:13:55.379+0000] {logging_mixin.py:188} INFO - [2026-05-29T13:13:55.371+0000] {dag.py:3954} INFO - Setting next_dagrun for train_flight_delay_model to None, run_after=None
[2026-05-29T13:13:55.546+0000] {processor.py:183} INFO - Processing /opt/airflow/dags/train_model_dag.py took 0.705 seconds
[2026-05-29T13:14:26.081+0000] {processor.py:161} INFO - Started process (PID=1371) to work on /opt/airflow/dags/train_model_dag.py
[2026-05-29T13:14:26.088+0000] {processor.py:830} INFO - Processing file /opt/airflow/dags/train_model_dag.py for tasks to queue
[2026-05-29T13:14:26.097+0000] {logging_mixin.py:188} INFO - [2026-05-29T13:14:26.094+0000] {dagbag.py:540} INFO - Filling up the DagBag from /opt/airflow/dags/train_model_dag.py
[2026-05-29T13:14:26.183+0000] {processor.py:840} INFO - DAG(s) 'train_flight_delay_model' retrieved from /opt/airflow/dags/train_model_dag.py
[2026-05-29T13:14:26.352+0000] {logging_mixin.py:188} INFO - [2026-05-29T13:14:26.351+0000] {dag.py:3096} INFO - Sync 1 DAGs
[2026-05-29T13:14:26.417+0000] {logging_mixin.py:188} INFO - [2026-05-29T13:14:26.416+0000] {dag.py:3954} INFO - Setting next_dagrun for train_flight_delay_model to None, run_after=None
[2026-05-29T13:14:26.503+0000] {processor.py:183} INFO - Processing /opt/airflow/dags/train_model_dag.py took 0.544 seconds
[2026-05-29T13:14:56.780+0000] {processor.py:161} INFO - Started process (PID=1372) to work on /opt/airflow/dags/train_model_dag.py
[2026-05-29T13:14:56.783+0000] {processor.py:830} INFO - Processing file /opt/airflow/dags/train_model_dag.py for tasks to queue
[2026-05-29T13:14:56.787+0000] {logging_mixin.py:188} INFO - [2026-05-29T13:14:56.786+0000] {dagbag.py:540} INFO - Filling up the DagBag from /opt/airflow/dags/train_model_dag.py
[2026-05-29T13:14:56.810+0000] {processor.py:840} INFO - DAG(s) 'train_flight_delay_model' retrieved from /opt/airflow/dags/train_model_dag.py
[2026-05-29T13:14:56.859+0000] {logging_mixin.py:188} INFO - [2026-05-29T13:14:56.859+0000] {dag.py:3096} INFO - Sync 1 DAGs
[2026-05-29T13:14:56.888+0000] {logging_mixin.py:188} INFO - [2026-05-29T13:14:56.887+0000] {dag.py:3954} INFO - Setting next_dagrun for train_flight_delay_model to None, run_after=None
[2026-05-29T13:14:56.944+0000] {processor.py:183} INFO - Processing /opt/airflow/dags/train_model_dag.py took 0.178 seconds
[2026-05-29T13:15:27.177+0000] {processor.py:161} INFO - Started process (PID=1373) to work on /opt/airflow/dags/train_model_dag.py
[2026-05-29T13:15:27.180+0000] {processor.py:830} INFO - Processing file /opt/airflow/dags/train_model_dag.py for tasks to queue
[2026-05-29T13:15:27.183+0000] {logging_mixin.py:188} INFO - [2026-05-29T13:15:27.182+0000] {dagbag.py:540} INFO - Filling up the DagBag from /opt/airflow/dags/train_model_dag.py
[2026-05-29T13:15:27.210+0000] {processor.py:840} INFO - DAG(s) 'train_flight_delay_model' retrieved from /opt/airflow/dags/train_model_dag.py
[2026-05-29T13:15:27.259+0000] {logging_mixin.py:188} INFO - [2026-05-29T13:15:27.258+0000] {dag.py:3096} INFO - Sync 1 DAGs
[2026-05-29T13:15:27.286+0000] {logging_mixin.py:188} INFO - [2026-05-29T13:15:27.285+0000] {dag.py:3954} INFO - Setting next_dagrun for train_flight_delay_model to None, run_after=None
[2026-05-29T13:15:27.348+0000] {processor.py:183} INFO - Processing /opt/airflow/dags/train_model_dag.py took 0.196 seconds
[2026-05-29T13:15:57.610+0000] {processor.py:161} INFO - Started process (PID=1374) to work on /opt/airflow/dags/train_model_dag.py
[2026-05-29T13:15:57.615+0000] {processor.py:830} INFO - Processing file /opt/airflow/dags/train_model_dag.py for tasks to queue
[2026-05-29T13:15:57.620+0000] {logging_mixin.py:188} INFO - [2026-05-29T13:15:57.619+0000] {dagbag.py:540} INFO - Filling up the DagBag from /opt/airflow/dags/train_model_dag.py
[2026-05-29T13:15:57.641+0000] {processor.py:840} INFO - DAG(s) 'train_flight_delay_model' retrieved from /opt/airflow/dags/train_model_dag.py
[2026-05-29T13:15:57.691+0000] {logging_mixin.py:188} INFO - [2026-05-29T13:15:57.691+0000] {dag.py:3096} INFO - Sync 1 DAGs
[2026-05-29T13:15:57.723+0000] {logging_mixin.py:188} INFO - [2026-05-29T13:15:57.723+0000] {dag.py:3954} INFO - Setting next_dagrun for train_flight_delay_model to None, run_after=None
[2026-05-29T13:15:57.777+0000] {processor.py:183} INFO - Processing /opt/airflow/dags/train_model_dag.py took 0.181 seconds
[2026-05-29T13:16:27.954+0000] {processor.py:161} INFO - Started process (PID=1375) to work on /opt/airflow/dags/train_model_dag.py
[2026-05-29T13:16:27.957+0000] {processor.py:830} INFO - Processing file /opt/airflow/dags/train_model_dag.py for tasks to queue
[2026-05-29T13:16:27.961+0000] {logging_mixin.py:188} INFO - [2026-05-29T13:16:27.960+0000] {dagbag.py:540} INFO - Filling up the DagBag from /opt/airflow/dags/train_model_dag.py
[2026-05-29T13:16:27.983+0000] {processor.py:840} INFO - DAG(s) 'train_flight_delay_model' retrieved from /opt/airflow/dags/train_model_dag.py
[2026-05-29T13:16:28.033+0000] {logging_mixin.py:188} INFO - [2026-05-29T13:16:28.033+0000] {dag.py:3096} INFO - Sync 1 DAGs
[2026-05-29T13:16:28.064+0000] {logging_mixin.py:188} INFO - [2026-05-29T13:16:28.063+0000] {dag.py:3954} INFO - Setting next_dagrun for train_flight_delay_model to None, run_after=None
[2026-05-29T13:16:28.120+0000] {processor.py:183} INFO - Processing /opt/airflow/dags/train_model_dag.py took 0.180 seconds
[2026-05-29T13:16:58.373+0000] {processor.py:161} INFO - Started process (PID=1376) to work on /opt/airflow/dags/train_model_dag.py
[2026-05-29T13:16:58.377+0000] {processor.py:830} INFO - Processing file /opt/airflow/dags/train_model_dag.py for tasks to queue
[2026-05-29T13:16:58.386+0000] {logging_mixin.py:188} INFO - [2026-05-29T13:16:58.382+0000] {dagbag.py:540} INFO - Filling up the DagBag from /opt/airflow/dags/train_model_dag.py
[2026-05-29T13:16:58.425+0000] {processor.py:840} INFO - DAG(s) 'train_flight_delay_model' retrieved from /opt/airflow/dags/train_model_dag.py
[2026-05-29T13:16:58.496+0000] {logging_mixin.py:188} INFO - [2026-05-29T13:16:58.493+0000] {dag.py:3096} INFO - Sync 1 DAGs
[2026-05-29T13:16:58.544+0000] {logging_mixin.py:188} INFO - [2026-05-29T13:16:58.544+0000] {dag.py:3954} INFO - Setting next_dagrun for train_flight_delay_model to None, run_after=None
[2026-05-29T13:16:58.643+0000] {processor.py:183} INFO - Processing /opt/airflow/dags/train_model_dag.py took 0.305 seconds
[2026-05-29T13:17:28.974+0000] {processor.py:161} INFO - Started process (PID=1377) to work on /opt/airflow/dags/train_model_dag.py
[2026-05-29T13:17:29.003+0000] {processor.py:830} INFO - Processing file /opt/airflow/dags/train_model_dag.py for tasks to queue
[2026-05-29T13:17:29.014+0000] {logging_mixin.py:188} INFO - [2026-05-29T13:17:29.013+0000] {dagbag.py:540} INFO - Filling up the DagBag from /opt/airflow/dags/train_model_dag.py
[2026-05-29T13:17:29.046+0000] {processor.py:840} INFO - DAG(s) 'train_flight_delay_model' retrieved from /opt/airflow/dags/train_model_dag.py
[2026-05-29T13:17:29.126+0000] {logging_mixin.py:188} INFO - [2026-05-29T13:17:29.125+0000] {dag.py:3096} INFO - Sync 1 DAGs
[2026-05-29T13:17:29.158+0000] {logging_mixin.py:188} INFO - [2026-05-29T13:17:29.157+0000] {dag.py:3954} INFO - Setting next_dagrun for train_flight_delay_model to None, run_after=None
[2026-05-29T13:17:29.217+0000] {processor.py:183} INFO - Processing /opt/airflow/dags/train_model_dag.py took 0.272 seconds
[2026-05-29T13:17:59.408+0000] {processor.py:161} INFO - Started process (PID=1378) to work on /opt/airflow/dags/train_model_dag.py
[2026-05-29T13:17:59.410+0000] {processor.py:830} INFO - Processing file /opt/airflow/dags/train_model_dag.py for tasks to queue
[2026-05-29T13:17:59.413+0000] {logging_mixin.py:188} INFO - [2026-05-29T13:17:59.413+0000] {dagbag.py:540} INFO - Filling up the DagBag from /opt/airflow/dags/train_model_dag.py
[2026-05-29T13:17:59.434+0000] {processor.py:840} INFO - DAG(s) 'train_flight_delay_model' retrieved from /opt/airflow/dags/train_model_dag.py
[2026-05-29T13:17:59.483+0000] {logging_mixin.py:188} INFO - [2026-05-29T13:17:59.482+0000] {dag.py:3096} INFO - Sync 1 DAGs
[2026-05-29T13:17:59.513+0000] {logging_mixin.py:188} INFO - [2026-05-29T13:17:59.512+0000] {dag.py:3954} INFO - Setting next_dagrun for train_flight_delay_model to None, run_after=None
[2026-05-29T13:17:59.562+0000] {processor.py:183} INFO - Processing /opt/airflow/dags/train_model_dag.py took 0.166 seconds
[2026-05-29T13:18:29.741+0000] {processor.py:161} INFO - Started process (PID=1379) to work on /opt/airflow/dags/train_model_dag.py
[2026-05-29T13:18:29.743+0000] {processor.py:830} INFO - Processing file /opt/airflow/dags/train_model_dag.py for tasks to queue
[2026-05-29T13:18:29.747+0000] {logging_mixin.py:188} INFO - [2026-05-29T13:18:29.746+0000] {dagbag.py:540} INFO - Filling up the DagBag from /opt/airflow/dags/train_model_dag.py
[2026-05-29T13:18:29.768+0000] {processor.py:840} INFO - DAG(s) 'train_flight_delay_model' retrieved from /opt/airflow/dags/train_model_dag.py
[2026-05-29T13:18:29.819+0000] {logging_mixin.py:188} INFO - [2026-05-29T13:18:29.819+0000] {dag.py:3096} INFO - Sync 1 DAGs
[2026-05-29T13:18:29.850+0000] {logging_mixin.py:188} INFO - [2026-05-29T13:18:29.850+0000] {dag.py:3954} INFO - Setting next_dagrun for train_flight_delay_model to None, run_after=None
[2026-05-29T13:18:29.917+0000] {processor.py:183} INFO - Processing /opt/airflow/dags/train_model_dag.py took 0.191 seconds
[2026-05-29T13:19:00.102+0000] {processor.py:161} INFO - Started process (PID=1380) to work on /opt/airflow/dags/train_model_dag.py
[2026-05-29T13:19:00.105+0000] {processor.py:830} INFO - Processing file /opt/airflow/dags/train_model_dag.py for tasks to queue
[2026-05-29T13:19:00.109+0000] {logging_mixin.py:188} INFO - [2026-05-29T13:19:00.108+0000] {dagbag.py:540} INFO - Filling up the DagBag from /opt/airflow/dags/train_model_dag.py
[2026-05-29T13:19:00.131+0000] {processor.py:840} INFO - DAG(s) 'train_flight_delay_model' retrieved from /opt/airflow/dags/train_model_dag.py
[2026-05-29T13:19:00.183+0000] {logging_mixin.py:188} INFO - [2026-05-29T13:19:00.182+0000] {dag.py:3096} INFO - Sync 1 DAGs
[2026-05-29T13:19:00.214+0000] {logging_mixin.py:188} INFO - [2026-05-29T13:19:00.214+0000] {dag.py:3954} INFO - Setting next_dagrun for train_flight_delay_model to None, run_after=None
[2026-05-29T13:19:00.262+0000] {processor.py:183} INFO - Processing /opt/airflow/dags/train_model_dag.py took 0.176 seconds
[2026-05-29T13:19:30.445+0000] {processor.py:161} INFO - Started process (PID=1381) to work on /opt/airflow/dags/train_model_dag.py
[2026-05-29T13:19:30.448+0000] {processor.py:830} INFO - Processing file /opt/airflow/dags/train_model_dag.py for tasks to queue
[2026-05-29T13:19:30.452+0000] {logging_mixin.py:188} INFO - [2026-05-29T13:19:30.451+0000] {dagbag.py:540} INFO - Filling up the DagBag from /opt/airflow/dags/train_model_dag.py
[2026-05-29T13:19:30.473+0000] {processor.py:840} INFO - DAG(s) 'train_flight_delay_model' retrieved from /opt/airflow/dags/train_model_dag.py
[2026-05-29T13:19:30.536+0000] {logging_mixin.py:188} INFO - [2026-05-29T13:19:30.536+0000] {dag.py:3096} INFO - Sync 1 DAGs
[2026-05-29T13:19:30.570+0000] {logging_mixin.py:188} INFO - [2026-05-29T13:19:30.569+0000] {dag.py:3954} INFO - Setting next_dagrun for train_flight_delay_model to None, run_after=None
[2026-05-29T13:19:30.629+0000] {processor.py:183} INFO - Processing /opt/airflow/dags/train_model_dag.py took 0.198 seconds
[2026-05-29T13:20:00.755+0000] {processor.py:161} INFO - Started process (PID=1382) to work on /opt/airflow/dags/train_model_dag.py
[2026-05-29T13:20:00.757+0000] {processor.py:830} INFO - Processing file /opt/airflow/dags/train_model_dag.py for tasks to queue
[2026-05-29T13:20:00.759+0000] {logging_mixin.py:188} INFO - [2026-05-29T13:20:00.759+0000] {dagbag.py:540} INFO - Filling up the DagBag from /opt/airflow/dags/train_model_dag.py
[2026-05-29T13:20:00.776+0000] {processor.py:840} INFO - DAG(s) 'train_flight_delay_model' retrieved from /opt/airflow/dags/train_model_dag.py
[2026-05-29T13:20:00.813+0000] {logging_mixin.py:188} INFO - [2026-05-29T13:20:00.812+0000] {dag.py:3096} INFO - Sync 1 DAGs
[2026-05-29T13:20:00.840+0000] {logging_mixin.py:188} INFO - [2026-05-29T13:20:00.839+0000] {dag.py:3954} INFO - Setting next_dagrun for train_flight_delay_model to None, run_after=None
[2026-05-29T13:20:00.877+0000] {processor.py:183} INFO - Processing /opt/airflow/dags/train_model_dag.py took 0.132 seconds
[2026-05-29T13:20:31.152+0000] {processor.py:161} INFO - Started process (PID=1383) to work on /opt/airflow/dags/train_model_dag.py
[2026-05-29T13:20:31.155+0000] {processor.py:830} INFO - Processing file /opt/airflow/dags/train_model_dag.py for tasks to queue
[2026-05-29T13:20:31.161+0000] {logging_mixin.py:188} INFO - [2026-05-29T13:20:31.160+0000] {dagbag.py:540} INFO - Filling up the DagBag from /opt/airflow/dags/train_model_dag.py
[2026-05-29T13:20:31.186+0000] {processor.py:840} INFO - DAG(s) 'train_flight_delay_model' retrieved from /opt/airflow/dags/train_model_dag.py
[2026-05-29T13:20:31.249+0000] {logging_mixin.py:188} INFO - [2026-05-29T13:20:31.248+0000] {dag.py:3096} INFO - Sync 1 DAGs
[2026-05-29T13:20:31.286+0000] {logging_mixin.py:188} INFO - [2026-05-29T13:20:31.285+0000] {dag.py:3954} INFO - Setting next_dagrun for train_flight_delay_model to None, run_after=None
[2026-05-29T13:20:31.346+0000] {processor.py:183} INFO - Processing /opt/airflow/dags/train_model_dag.py took 0.224 seconds
